
-- data generated by datafiller.py version 2.0.0 (r792 on 2014-03-23) for postgresql

-- fill table mannschaft (100)
\echo # filling table mannschaft (100)
COPY mannschaft (bezeichnung,klasse,naechstes_spiel) FROM STDIN (ENCODING 'utf-8');
Mannschaft1	Klasse43701	\N
Mannschaft2	Klasse65687	2016-04-01
Mannschaft3	Klasse93508	2016-03-24
Mannschaft4	Klasse62465	2016-02-16
Mannschaft5	Klasse2292	2016-01-24
Mannschaft6	Klasse22202	2016-02-09
Mannschaft7	Klasse16597	2016-02-14
Mannschaft8	Klasse32299	2016-01-31
Mannschaft9	Klasse49904	2016-03-01
Mannschaft10	Klasse25479	2016-04-07
Mannschaft11	Klasse32902	2016-02-16
Mannschaft12	Klasse4923	2016-03-18
Mannschaft13	Klasse64559	2016-04-01
Mannschaft14	Klasse56211	2016-01-15
Mannschaft15	Klasse29756	2016-02-09
Mannschaft16	Klasse67696	2016-04-06
Mannschaft17	Klasse5461	2016-04-11
Mannschaft18	Klasse71841	2016-04-04
Mannschaft19	Klasse15829	2016-01-31
Mannschaft20	Klasse56988	2016-01-22
Mannschaft21	Klasse35886	2016-02-23
Mannschaft22	Klasse67934	2016-02-15
Mannschaft23	Klasse92004	2016-01-29
Mannschaft24	Klasse64304	2016-04-13
Mannschaft25	Klasse17724	2016-01-23
Mannschaft26	Klasse83553	2016-03-28
Mannschaft27	Klasse36860	2016-04-12
Mannschaft28	Klasse31391	2016-02-05
Mannschaft29	Klasse48527	2016-03-27
Mannschaft30	Klasse26174	2016-01-23
Mannschaft31	Klasse14597	2016-03-24
Mannschaft32	Klasse79335	2016-03-20
Mannschaft33	\N	2016-02-12
Mannschaft34	Klasse25925	2016-02-01
Mannschaft35	Klasse99703	2016-03-17
Mannschaft36	Klasse70394	2016-04-05
Mannschaft37	Klasse25095	2016-04-07
Mannschaft38	\N	2016-02-19
Mannschaft39	Klasse30525	2016-01-15
Mannschaft40	Klasse22814	2016-02-29
Mannschaft41	Klasse83771	2016-04-05
Mannschaft42	Klasse23852	2016-02-29
Mannschaft43	Klasse7092	2016-02-16
Mannschaft44	Klasse715	2016-02-04
Mannschaft45	Klasse51752	2016-01-09
Mannschaft46	Klasse50637	2016-04-03
Mannschaft47	Klasse55557	2016-01-31
Mannschaft48	Klasse66064	2016-02-22
Mannschaft49	Klasse19618	2016-04-12
Mannschaft50	Klasse70926	2016-02-07
Mannschaft51	Klasse58059	2016-04-04
Mannschaft52	Klasse93224	2016-04-14
Mannschaft53	Klasse963	2016-03-25
Mannschaft54	Klasse97986	2016-02-26
Mannschaft55	Klasse4847	2016-02-15
Mannschaft56	Klasse6703	2016-02-15
Mannschaft57	Klasse25923	2016-03-15
Mannschaft58	Klasse203	2016-04-12
Mannschaft59	Klasse10958	2016-03-15
Mannschaft60	Klasse87831	2016-04-11
Mannschaft61	Klasse79697	2016-01-20
Mannschaft62	Klasse29881	2016-03-26
Mannschaft63	Klasse20846	2016-04-07
Mannschaft64	Klasse30303	2016-03-30
Mannschaft65	Klasse38475	2016-02-21
Mannschaft66	Klasse92296	2016-03-08
Mannschaft67	Klasse57927	2016-04-03
Mannschaft68	Klasse90427	2016-01-19
Mannschaft69	Klasse59964	2016-01-13
Mannschaft70	Klasse38751	2016-02-11
Mannschaft71	Klasse34566	2016-04-16
Mannschaft72	Klasse31530	2016-03-21
Mannschaft73	Klasse17147	2016-01-31
Mannschaft74	Klasse77961	2016-02-24
Mannschaft75	Klasse7702	2016-03-28
Mannschaft76	Klasse41352	2016-04-02
Mannschaft77	Klasse60163	2016-02-17
Mannschaft78	Klasse92675	2016-04-15
Mannschaft79	Klasse82411	2016-02-06
Mannschaft80	Klasse92158	2016-02-03
Mannschaft81	Klasse4385	2016-03-26
Mannschaft82	Klasse49490	2016-02-04
Mannschaft83	Klasse44211	2016-03-25
Mannschaft84	Klasse62175	2016-01-23
Mannschaft85	Klasse87305	2016-02-14
Mannschaft86	Klasse57458	2016-03-19
Mannschaft87	Klasse27255	2016-03-13
Mannschaft88	\N	2016-02-07
Mannschaft89	Klasse43302	2016-02-18
Mannschaft90	Klasse3755	2016-01-23
Mannschaft91	Klasse2452	2016-02-13
Mannschaft92	Klasse89708	2016-02-24
Mannschaft93	Klasse3909	2016-03-26
Mannschaft94	Klasse47611	2016-03-10
Mannschaft95	Klasse90748	2016-04-13
Mannschaft96	Klasse34180	2016-03-27
Mannschaft97	Klasse59448	2016-02-01
Mannschaft98	Klasse42625	2016-01-13
Mannschaft99	Klasse44157	2016-03-08
Mannschaft100	Klasse51268	2016-04-08
\.

-- fill table person (400)
\echo # filling table person (400)
COPY person (persnr,vname,nname,geschlecht,gebdate) FROM STDIN (ENCODING 'utf-8');
10000	Onida	Lawlor	W	2015-12-26
10002	Amie	Harville	W	2015-07-10
10004	Ran-Joo	Milton	M	2016-03-07
10006	Keys	Chandra	M	2015-03-27
10008	Malorie	Acklin	M	2016-02-18
10010	Charla	Natiuk	W	2015-09-15
10012	Terence	Hassold	W	2015-11-11
10014	Francene	Pitton	M	2015-06-25
10016	Sidone	Waucheul	M	2015-04-01
10018	Kristin	Allman	W	2015-12-31
10020	Aubrette	Settles	W	2015-04-05
10022	Connie	McLaren	M	2016-02-29
10024	Zarrin	Ziai	W	2016-01-10
10026	Bibi	Hornburg	M	\N
10028	Carolyn	Funston	M	2015-08-28
10030	Henrika	Ta	M	2015-06-06
10032	Kaylyn	Nickells	W	2015-11-04
10034	Tawsha	Sandhu	W	2015-04-10
10036	Prissie	Gell	M	2016-02-17
10038	Modesty	Nttest	M	2016-01-13
10040	Tallia	Stallings	W	2016-04-04
10042	Laurence	Coverdale	W	2015-03-29
10044	Corissa	Lumley	W	2015-04-07
10046	Odele	O Shaughnessey	W	2015-08-08
10048	Sibel	Kurash	W	2015-08-25
10050	ChinFui	LaBranche	W	2015-09-18
10052	Erina	Bockaj	M	2015-04-17
10054	Gurjit	Bacciaglia	M	2015-07-20
10056	Stafani	Fann	M	2015-04-20
10058	Lona	Peacocke	M	2015-04-02
10060	Lorenza	Benchimol	M	2015-11-19
10062	Lenee	Von Semmler	M	2015-09-05
10064	Brana	Wiercioch	M	2015-08-18
10066	Eustacia	Abbatantuono	M	2015-11-19
10068	Ange	O Dwyer	M	2015-06-20
10070	Erena	Scourneau	M	2015-11-29
10072	Donald	Hunsberger	W	2015-07-24
10074	Maren	Bouret	W	2016-02-28
10076	Karyn	Renwick	W	2016-04-05
10078	Electra	Tchir	M	2015-05-06
10080	Charmaine	Westfall	W	2015-11-04
10082	Wanids	Carstensen	M	2016-04-05
10084	Antonetta	Griner	W	2016-01-26
10086	Kuang-Tsan	Dahl	W	2015-03-22
10088	Car	Hebbar	W	2015-04-21
10090	Laslo	Beaubien	W	2015-06-18
10092	Peggie	Verch	M	2016-03-23
10094	Annecorinne	Dessain	M	2015-06-28
10096	Bessy	Tunon	W	2015-10-03
10098	Dwain	Garvin	W	2016-02-18
10100	Malethia	Hollack	W	2015-09-08
10102	Doroteya	Veselko	W	2015-07-10
10104	Dimitra	Morino	M	2015-12-02
10106	Gita	Kauffman	W	2016-01-13
10108	Juliana	Paczek	W	2016-03-03
10110	Manish	Trinh	W	2015-09-22
10112	Gordie	fpsched	W	2016-03-09
10114	Debee	Sides	W	2015-10-14
10116	Dore	Dunson	M	2015-11-22
10118	\N	Kiefer	M	2015-07-26
10120	Ravinder	Hurd	M	2015-07-01
10122	Kristina	Ochs	M	2016-01-24
10124	Cindee	Richardson	W	2015-08-29
10126	Kristina	Lara	W	2015-12-09
10128	Deanne	Msg	M	2016-04-02
10130	Alvera	Welham	W	2015-09-16
10132	Waneta	Tigg	W	2015-12-17
10134	Peria	Pashia	M	2016-01-02
10136	Yung	Bettadapur	W	2016-01-13
10138	Anton	Tolle	M	2016-03-15
10140	Richie	Shelton	M	2016-01-19
10142	Tatyana	Uchiyama	W	2015-11-10
10144	Mandana	Cetraro	W	2016-04-08
10146	Adiana	Gamarnik	W	2015-03-17
10148	Hoa-Van	Hasegawa	W	2015-08-24
10150	Dyan	Whited	M	2016-01-04
10152	Genny	Van Kessel	W	2016-02-27
10154	Skip	Cae	M	2015-09-24
10156	Briana	Schoenermarck	W	2015-11-10
10158	Georganne	IOCNTRL	M	2016-02-27
10160	Mirabella	Holloway	W	2015-05-26
10162	Blake	Reno	M	2015-05-26
10164	Ivonne	Genovise	\N	2016-04-09
10166	Stephine	Roberts	M	2015-06-24
10168	Kessia	Haurie	M	2015-07-03
10170	Courtnay	Prog	M	2015-08-29
10172	Marji	Pamperin	M	2015-12-09
10174	Brunhilda	Herling	W	2015-08-24
10176	Ajmal	McNeill	M	2015-09-13
10178	Mimi	Talbert	M	2015-04-21
10180	Hsieh	Osiakwan	M	2015-04-09
10182	Jessica	Dawson	W	2015-08-02
10184	Elmira	Goyette	W	2015-12-10
10186	Ashli	Clark-Stewart	M	2015-12-26
10188	Guylain	Lugwig	M	2016-02-09
10190	Pic	Roohy-Laleh	W	2015-05-29
10192	Deidre	Minai	W	2016-03-25
10194	Par	Gopisetty	M	2015-05-26
10196	Joela	Jayamanne	W	2016-03-14
10198	Laslo	Ecroyd	W	2016-01-19
10200	Leno	Twynham	M	2016-01-18
10202	Arabella	Glofcheskie	M	2015-11-22
10204	Everette	Rosenfeld	M	2015-11-12
10206	Maye	Clements	W	2015-11-02
10208	Honor	Denton	M	2015-07-20
10210	Eliot	Hicks	W	2015-03-24
10212	Kathrerine	Larche	M	2015-08-31
10214	Reinhold	Saunderson	M	2015-11-03
10216	Jacquelyn	Virgoe	W	2015-04-18
10218	Eloisa	Roerick	M	2015-10-15
10220	Francis	Van Fleet	W	2016-02-27
10222	Berni	Appell	M	2015-04-15
10224	Alexia	Rickard	M	2015-10-18
10226	Lee-Anne	Hagar	M	2015-05-08
10228	Nance	Harris	W	2015-05-17
10230	Nikky	Wilczewski	W	2015-09-25
10232	Takis	Sobchuk	W	2015-06-12
10234	Shyam	Garinger	W	2016-02-20
10236	Lana	Beaumier	M	2015-06-15
10238	Sheeree	Dahan	W	2015-12-24
10240	Theresina	Hammerli	M	2015-07-22
10242	Wileen	St-Amour	M	2015-04-19
10244	Mil	Hariman	W	2015-03-24
10246	Irita	Pepple	W	2016-03-19
10248	Stefan	Gillot	W	2016-01-27
10250	Chrystel	Towles	M	2015-03-20
10252	Felicia	Focht	W	2015-05-25
10254	Hendra	Livek	W	2015-06-12
10256	Es	Cyr	M	2015-04-18
10258	Davis	Buker	M	2015-06-24
10260	Joyann	Zimmer	W	2015-10-16
10262	Bennie	Frischknecht	M	2015-09-20
10264	Anjanette	Minos	M	2015-07-29
10266	Marjet	Bigras	W	2016-02-17
10268	Lionel	Garinger	M	2016-01-28
10270	Desmond	Videa	M	2015-08-28
10272	\N	Majmudar	\N	2015-11-02
10274	Jagjit	Fani	W	2016-02-10
10276	Dowell	Epps	W	2015-06-30
10278	Belva	Caple	W	2016-01-03
10280	Zouheir	Salva	W	2015-08-09
10282	Jocelyne	Grego	W	2015-04-16
10284	Crista	Chalker	W	2015-08-02
10286	Kam	\N	W	2015-08-26
10288	Shaylynn	Culley	W	2015-12-29
10290	Nikoletta	Perazzini	M	2016-04-11
10292	Data	\N	W	2015-11-08
10294	Danial	Morin	M	2016-01-12
10296	Milan	Boocock	M	2015-12-28
10298	Bradley	Spurway	M	2015-03-29
10300	Solita	Colter	M	2016-03-22
10302	Shaun	Englert	W	2015-05-16
10304	Brennan	Harbour	W	2015-12-31
10306	Lyndsie	Loperena	W	2016-03-09
10308	Eulalie	Kuntova	M	2015-11-17
10310	Suzane	Lansupport	M	2015-10-18
10312	Kylen	Rosvick	M	2015-03-14
10314	Lyne	Cabaniss	M	2015-12-16
10316	Shahid	Ouzas	W	2015-04-12
10318	Bruno	Gaiger	M	2015-05-11
10320	Barney	Critchley	W	2015-12-02
10322	Lucy	Foght	M	2015-03-26
10324	Stevana	Verardi	M	2015-10-06
10326	Tallou	Corson	W	2016-01-08
10328	Cahra	Eisnor	W	2015-10-30
10330	Shayne	Wieland	W	2015-12-28
10332	Deann	Lighthiser	M	2015-10-12
10334	Lindsy	McCurdy	M	2015-09-08
10336	Adiana	Dokken	M	2015-12-15
10338	Bevvy	Somerville	W	2015-06-29
10340	Gigi	Lalu	M	2015-12-04
10342	Mabelle	Wetzel	M	2015-09-09
10344	Harrietta	Flores	W	2016-03-01
10346	Shinichi	Tschaja	W	2016-04-14
10348	Akshay	Hainline	W	2016-01-12
10350	Kati	Crawford	W	2015-06-29
10352	Hesham	Dumas	M	2015-10-27
10354	Sibylla	Mccue	W	2015-12-13
10356	Weiping	Mastronardi	W	2015-10-14
10358	Gurcharan	Wilken	M	2015-07-08
10360	Barbaraanne	Zimmerman	M	2015-05-20
10362	Scot	Enns	W	2015-10-20
10364	Pelly	Dungan	W	2015-06-03
10366	Tamiko	Squires	W	2015-09-18
10368	Liliana	Kosnaskie	M	2015-12-11
10370	Shafiq	Schenkel	W	2016-04-09
10372	Rebecka	Clost	M	2015-04-04
10374	Snehal	Rajczi	M	2015-11-08
10376	Virginia	Michelson	W	2016-01-07
10378	Sohale	Barnaby	M	2016-03-23
10380	Kimbra	Creech	W	2015-12-17
10382	Hengameh	Brooker	M	2015-09-17
10384	Ronnie	Harshfield	W	2015-10-10
10386	Valaria	Hammermeister	W	2016-03-18
10388	Betty-Ann	Suharly	M	2015-11-27
10390	Karyn	Sheehan	W	2015-09-14
10392	Tobey	Ziegler	W	2015-08-07
10394	Camilla	Rasmussen	M	2016-01-02
10396	Lotty	Barstow	W	2015-09-09
10398	Veriee	Nazardad	W	2015-06-28
10400	Mikhail	Hord	W	2015-12-09
10402	Haig	Minegishi	M	2015-07-21
10404	Regan	Albery	W	2015-11-19
10406	Marketa	Costanzino	W	2016-02-02
10408	Denni	Scherbinsky	M	2015-10-26
10410	Maurizia	Etten	W	2015-03-14
10412	Jaynell	Kinsella	W	2015-10-18
10414	Cherice	Parrish-Bell	M	2015-08-01
10416	Milli	Schmidt	M	2015-11-19
10418	Rosanne	Dunning	W	2016-03-26
10420	Camille	Somani	M	2015-12-09
10422	Oorschot	Reports	W	2015-09-19
10424	Nik	Voss	M	2015-06-08
10426	Benetta	Dambenieks	M	2015-06-26
10428	Tobey	Christensen	M	2015-09-22
10430	Marylynne	Mulroney	W	2015-08-18
10432	\N	Borowiecki	M	\N
10434	Sephira	Trull	W	2015-06-15
10436	Winnifred	Corvo	W	2015-07-02
10438	Dalenna	Bice	M	2015-06-10
10440	Shailesh	Credico	M	2015-10-25
10442	Velvet	Casalou	M	2015-07-11
10444	Dineke	Redshaw	W	2015-05-23
10446	Maude	Mariani	W	2015-10-28
10448	Grethel	Boyes	M	2015-08-11
10450	Kirby	Wilemon	M	2015-11-18
10452	Keely	Weeks	M	2015-12-02
10454	Hally	Beaudette	M	2015-12-02
10456	Aaron	Hoffstedder	W	2016-01-07
10458	Sarene	Matsuzaka	W	2016-02-23
10460	Barney	Tripps	W	2016-01-31
10462	Kathi	Mccoll	M	2016-04-04
10464	Celina	Deslandes	W	2015-10-31
10466	Elisa	Darnel	W	2015-07-31
10468	Jorie	Brodgen	W	2016-02-29
10470	Hayden	Scarborough	M	2015-07-17
10472	Jean-Jacques	Brennen	M	2015-04-19
10474	Geri	Meckler	M	2015-10-02
10476	Roe	Esry	W	2015-08-13
10478	Ebba	Lawler	M	2016-03-11
10480	Tandie	Molson	M	2015-12-26
10482	Jane	OTTAWA	M	2015-05-19
10484	Chong-Lai	McLenaghan	W	2016-01-11
10486	Tiffani	Milne	M	2015-10-15
10488	Nertie	L Anglais	M	2015-04-07
10490	Halette	Wayler	W	2015-11-04
10492	Dean	Horne	M	2016-04-12
10494	Gertrud	Ciampini	W	2015-07-05
10496	Cyndy	Burney	W	2015-11-27
10498	Farrah	Willis	W	2016-02-25
10500	Jillene	Khosraviani	W	2016-02-17
10502	Manami	Joron	M	2015-05-14
10504	Shaughan	Krotish	M	2015-05-24
10506	Mable	Panizzi	M	2015-10-22
10508	Nico	Kelleher	M	2015-12-22
10510	Kelcey	Angeli	M	2015-06-08
10512	Meggie	Gilles	W	2015-04-26
10514	Tomy	Somers	W	2015-09-14
10516	Dusty	Bainton	M	2016-02-22
10518	Wen-Kai	Blackwelder	M	2015-12-20
10520	Pak	Bullas	W	2016-02-06
10522	Tetsuya	Ellement	W	2015-12-16
10524	Nad	Henley	M	2016-01-23
10526	Wilmer	Kirkpatrick	W	2016-04-14
10528	Berri	Pavlic	W	2015-12-11
10530	Tally	Munro	M	2015-09-20
10532	Matilde	Savino	W	2015-08-23
10534	Allsun	Upton	\N	2015-05-12
10536	Diamond	Alcott	M	2015-06-06
10538	Kiri	Misczak	M	2016-04-02
10540	Willette	Kurian	M	2015-04-12
10542	Adrea	RK	W	2016-03-27
10544	Anthia	Stensrud	W	2015-05-20
10546	Kamil	Goridkov	W	2016-04-01
10548	Ingemar	Terranella	M	2015-10-13
10550	Fanchon	Calis	W	2015-04-09
10552	Kem	Vella	M	2015-12-06
10554	Starlene	Fares	M	2015-06-06
10556	Bunni	Moseby	M	2015-04-29
10558	Noelle	Berek	M	2016-03-12
10560	Elmira	Overcash	M	2015-08-25
10562	Delores	Ladd	M	2015-05-19
10564	Jacek	Parkhill	W	2015-12-31
10566	Brittni	Alie	W	2015-07-30
10568	Shailesh	Darby	W	2016-01-20
10570	Valentia	Umeh	M	2015-12-14
10572	Iris	Tait	M	2015-11-12
10574	Chesteen	Neuschwander	M	2015-07-13
10576	Robinetta	Phalpher	M	2015-07-30
10578	Kelila	Geisler	W	2015-07-20
10580	Elvina	Montoute	W	2015-10-22
10582	Tarrah	Eros	W	2015-08-11
10584	Kalli	Hamra	W	2015-06-07
10586	Corella	Bhandari	M	2015-08-16
10588	Ariel	Patrick	M	2015-11-22
10590	Meredithe	Tyrrell	M	2015-03-31
10592	Cloris	McMasters	W	2015-11-05
10594	Wenona	Moreland	W	2015-12-29
10596	Nicole	Douglass	M	2016-01-19
10598	Courtenay	Scovill	\N	2016-03-07
10600	Tape	\N	W	2015-08-21
10602	Manou	Stegall	M	2015-06-12
10604	Francoise	Aurelius	M	2015-12-07
10606	Tesa	Salazar	W	2015-05-26
10608	Gwyneth	Belford	M	2015-12-01
10610	Lezlie	Ramsay	M	2016-01-24
10612	Rueben	Pierosara	M	2016-03-06
10614	Denys	Scovell	M	2015-11-16
10616	Rajeev	Lillis	W	2015-03-31
10618	Louis	Guertin	M	2015-07-25
10620	Fereidoon	Ochs	W	2015-06-25
10622	Alika	DPNBUILD	M	2015-07-11
10624	Carlie	Kacor	W	2016-04-05
10626	Oksana	Billingham	W	2015-12-22
10628	Ruthi	Magnusson	M	2015-12-11
10630	Reno	Entwistle	M	2016-03-19
10632	Catina	Kernahan	M	2015-05-13
10634	Malaysia	Braverman	W	2015-11-25
10636	Saleh	Stiles	M	2016-03-10
10638	Luc	Roldan	M	2015-10-04
10640	Geri	McCorquodale	M	2015-06-24
10642	Czes	Winsky	M	2015-07-28
10644	Yueh	Mader	M	2015-05-22
10646	Novelia	Nolan-Moore	W	2016-01-19
10648	Mahalia	Humenuk	W	2015-08-16
10650	Delphine	Trachsel	W	2015-09-28
10652	Donica	Elchakieh	W	2015-12-31
10654	Andriana	Corriveau	W	2015-10-29
10656	Afzal	Syposz	M	2015-06-13
10658	Kwok-Wa	Godley	W	2015-09-05
10660	Alexis	Marano	W	2015-03-17
10662	Chi-Man	O Hearn	W	2016-01-08
10664	Danita	Suffern	W	2015-07-11
10666	Silvie	Menaker	W	2015-06-22
10668	Bibbie	Mazey	W	2015-05-15
10670	Pen	Flynn	M	2015-03-16
10672	Coors	Eastick	M	2016-02-27
10674	Ri	Carruthers	W	2015-12-25
10676	Dacie	Collevecchio	M	2015-11-13
10678	\N	Chacon	M	2016-03-04
10680	Kessia	Yanagida	M	2015-12-30
10682	Goldie	Lynton	W	2015-12-09
10684	Saleh	Beton	M	2015-10-31
10686	Cecilia	Moyce	M	2015-12-27
10688	Rosalinde	Davy	W	2015-10-12
10690	Manmohan	Armstrong	W	2015-11-25
10692	Subhra	Fleischer	W	2016-01-21
10694	Stella	Klappholz	M	2015-05-06
10696	Bcspatch	Patoskie	W	2015-11-14
10698	Paqs	Fiteny	M	2015-09-02
10700	Frankie	McMinn	W	2015-06-29
10702	Shaibal	Coqueugniot	M	2015-09-25
10704	Zaihua	Kobreek	M	2015-04-27
10706	Alida	Bielejeski	M	2015-10-31
10708	Talya	Bodin	M	2016-03-13
10710	Elliott	Guth	M	2015-11-04
10712	Vmchange	Tschaja	W	2016-03-08
10714	Cyndi	Hooks	W	2015-11-24
10716	Yukuo	Lappan	M	2015-08-25
10718	Modesta	Jimenez	W	2016-02-11
10720	Stephenie	Devenyi	W	2016-03-18
10722	Saul	Schlagenhauf	M	2015-10-15
10724	Nash	Campagna	W	2015-03-14
10726	Tamar	Dueppen	W	2015-08-20
10728	Gerta	Wolff	W	2015-06-02
10730	Catherina	Descotes	M	2016-04-01
10732	Darell	Chouhan	M	2016-03-03
10734	Cubicle	Wippel	W	2015-04-17
10736	Leaton	Pusztai	M	2015-05-05
10738	Motaz	Patchsqa	W	2015-07-01
10740	Olive	Martens	W	2015-03-25
10742	Malva	Iskandar	W	2015-04-18
10744	Cleve	Wildgen	M	2015-04-14
10746	Kissee	TRIAL	M	2015-11-18
10748	Eveline	Glasser	W	2016-03-23
10750	Christine	Fernandes	W	2015-07-20
10752	Margaretta	Lidstone	M	2015-12-08
10754	Ediva	Squizzato	W	2016-04-16
10756	Hpone	Eriksson	M	2015-07-27
10758	Tsing	Hollingworth	W	2016-02-05
10760	Hans	Morneau	M	2016-03-16
10762	Valery	Acres	W	2015-12-14
10764	Wilhelmus	Filson	M	2015-08-13
10766	Tchangid	Damerji	M	2015-04-05
10768	Gretna	Rizk	M	2016-01-27
10770	Lyndsie	Yarbrough	W	2015-03-26
10772	Car	Teder	W	2015-03-27
10774	Melanie	Lobasso	W	2015-10-05
10776	Chatri	Matteau	M	2015-04-26
10778	Nellie	Adjangba	M	2016-03-12
10780	Ting	Javed	M	2016-03-09
10782	Anastassia	Flewelling	M	2015-05-27
10784	Lloyd	Vivian	M	2016-03-17
10786	Loan	Ledamun	W	2015-04-12
10788	Delmar	Tischhauser	W	2015-04-09
10790	Chelsea	Ramey	W	2015-05-02
10792	Ofella	Grimm	W	2015-04-29
10794	Letti	Eroler	M	2015-12-02
10796	Idris	Kalt	M	2015-06-22
10798	Ronda	Bathrick	M	2016-03-26
\.

-- fill table trainer (100)
\echo # filling table trainer (100)
COPY trainer (persnr,gehalt,von,bis) FROM STDIN (ENCODING 'utf-8');
10000	10077	2002-02-21	2015-11-25
10002	10048	2003-10-03	2015-11-10
10004	10099	2002-02-22	2015-10-10
10006	10023	2000-04-19	2015-12-26
10008	10033	2004-12-31	2015-10-28
10010	10030	2000-03-11	2015-10-07
10012	10043	2004-06-17	2015-10-16
10014	10021	2001-02-03	2015-11-15
10016	10013	2000-05-04	2015-12-10
10018	10058	2001-04-01	2015-12-17
10020	10024	2001-03-29	2015-10-25
10022	10043	2001-08-23	2015-10-21
10024	10020	2001-03-21	2015-11-10
10026	10039	2002-04-30	2016-01-01
10028	10043	2003-05-11	2015-12-27
10030	10001	2000-02-20	2015-11-27
10032	10085	2001-05-30	2015-10-20
10034	10055	2004-07-18	2015-09-26
10036	10093	2003-09-21	2015-11-28
10038	10034	2002-04-06	2016-01-01
10040	10002	2003-01-20	2015-12-17
10042	10073	2000-08-05	2015-10-19
10044	10004	2003-05-28	2015-12-23
10046	10071	2001-10-21	2015-11-05
10048	10099	2003-07-16	2015-12-02
10050	10097	2003-10-12	2015-10-15
10052	\N	2000-06-23	2015-09-26
10054	10019	2003-04-01	2015-10-28
10056	10022	2001-09-06	2015-12-03
10058	10005	2002-10-04	2015-12-16
10060	10060	2001-11-12	2015-12-08
10062	10069	2003-09-28	2015-09-28
10064	10054	2000-02-20	2015-10-02
10066	10038	2004-10-22	2015-11-02
10068	10064	2002-11-14	2015-09-27
10070	10003	2000-03-19	2015-11-15
10072	10065	2003-03-14	2015-10-31
10074	10014	2001-12-07	2015-09-29
10076	10023	2004-11-11	2015-12-14
10078	10093	2004-03-17	2015-11-20
10080	10071	2002-06-09	2015-12-03
10082	10004	2004-08-23	2015-12-24
10084	10077	2002-10-23	2015-10-27
10086	10001	\N	2015-11-25
10088	10046	2003-11-19	2015-12-07
10090	10056	2000-05-13	2015-11-25
10092	10059	2000-11-30	2015-12-11
10094	10074	2003-08-12	2015-12-05
10096	10059	2004-01-20	2015-12-31
10098	10019	2000-12-19	2015-11-30
10100	10028	2000-03-19	2015-10-27
10102	10065	2002-09-18	2015-12-27
10104	10016	2002-03-02	2015-09-27
10106	10097	2000-05-08	2015-10-31
10108	10075	2004-09-28	2015-10-24
10110	10095	2001-07-12	2015-09-28
10112	10016	2000-02-16	2015-11-28
10114	10076	2001-04-13	2015-12-27
10116	10084	2003-03-27	2015-10-01
10118	10038	2002-05-29	2015-11-13
10120	10004	2002-11-16	2016-01-01
10122	10093	2001-07-09	2015-10-15
10124	10086	2002-10-21	2015-11-21
10126	10088	2000-08-31	2015-09-30
10128	10024	2004-08-14	2015-09-26
10130	10077	2004-01-29	2015-10-20
10132	10074	2002-02-05	2015-12-10
10134	10071	2004-08-14	2015-12-10
10136	10018	2004-11-05	2015-10-01
10138	10095	2000-07-18	2015-12-31
10140	10040	\N	2015-10-21
10142	10065	2004-11-09	2015-10-12
10144	10025	2003-12-30	2015-12-19
10146	10049	2002-06-15	2015-11-28
10148	10089	2001-09-20	2015-12-20
10150	10091	2001-10-24	2015-10-03
10152	10042	2004-05-30	2015-12-20
10154	10008	2002-08-16	2015-11-25
10156	10032	2003-12-08	2015-09-25
10158	10096	2002-03-26	2015-10-15
10160	10048	2002-05-28	2015-10-22
10162	10014	2002-06-20	2015-10-09
10164	10070	2002-09-27	2015-11-15
10166	10034	2003-09-23	2015-10-21
10168	10039	2001-07-11	2015-10-17
10170	10075	2002-11-06	2015-10-16
10172	10088	2002-04-23	2015-10-07
10174	10090	2004-10-21	2015-12-30
10176	10051	2003-07-21	2015-12-15
10178	10057	2004-11-29	2015-10-23
10180	10063	2002-10-14	2015-11-15
10182	10022	2003-09-27	2015-11-14
10184	10038	2003-07-01	2015-09-30
10186	10074	2001-02-09	2015-12-13
10188	10052	2000-05-14	2015-11-09
10190	10009	2001-07-02	2015-11-07
10192	10009	2000-12-07	2015-10-22
10194	10015	2002-02-28	2016-01-01
10196	10053	2000-10-19	2015-11-21
10198	10093	2000-05-26	2015-11-15
\.

-- fill table standort (100)
\echo # filling table standort (100)
COPY standort (sid,land,plz,ort) FROM STDIN (ENCODING 'utf-8');
1	Land96034	PLZ28234	Ort86250
2	Land91325	PLZ29628	Ort29257
3	Land31470	PLZ92861	Ort53484
4	Land21561	PLZ1499	Ort5854
5	Land96985	PLZ42010	Ort79364
6	Land52023	PLZ97227	Ort55645
7	Land69651	PLZ29173	Ort49515
8	Land15657	PLZ81226	Ort32946
9	Land75182	PLZ33976	Ort70162
10	Land90131	PLZ52423	Ort83380
11	Land81144	PLZ69469	Ort45147
12	Land54883	PLZ94956	Ort65831
13	Land68028	PLZ83184	Ort29454
14	Land35787	PLZ71615	Ort64829
15	Land39304	PLZ96741	Ort92730
16	Land54207	PLZ1514	Ort43109
17	Land19612	PLZ72113	Ort83187
18	Land64646	PLZ9746	Ort88175
19	Land96131	PLZ64050	Ort60319
20	Land81334	PLZ82078	Ort73160
21	Land9839	PLZ31516	Ort73151
22	Land61183	PLZ80481	Ort16624
23	Land32577	PLZ81808	Ort71791
24	Land7776	PLZ32916	Ort9683
25	Land31270	PLZ63100	Ort79397
26	Land12190	PLZ99059	Ort39982
27	Land38022	PLZ28711	Ort62507
28	Land93590	PLZ16563	Ort91377
29	Land47217	PLZ41830	\N
30	Land99526	PLZ18985	Ort13447
31	Land87165	PLZ16559	Ort31499
32	Land4918	PLZ93814	Ort83604
33	Land91940	PLZ67250	Ort70072
34	Land96614	PLZ30457	Ort74238
35	Land22874	PLZ70342	Ort46309
36	Land61070	PLZ52465	Ort31839
37	Land86002	PLZ74817	Ort97773
38	Land9611	PLZ33336	Ort80061
39	Land98352	PLZ22507	Ort19104
40	Land80158	PLZ79627	Ort89582
41	Land50417	PLZ98907	Ort81137
42	Land64305	PLZ52304	Ort50182
43	Land76804	PLZ91991	Ort22484
44	Land79506	PLZ81258	Ort54803
45	Land43969	PLZ40622	Ort53925
46	Land82028	PLZ94606	Ort61365
47	Land72670	PLZ38989	Ort77829
48	Land71507	PLZ88522	Ort97406
49	Land82167	PLZ61249	Ort69288
50	Land37065	PLZ20021	Ort26077
51	Land9976	PLZ67808	Ort60051
52	Land77770	PLZ86179	Ort90354
53	Land12819	PLZ47968	Ort89586
54	Land57299	PLZ85814	Ort46402
55	Land9753	PLZ34383	Ort16441
56	Land91890	PLZ86632	Ort50855
57	Land17959	PLZ56352	Ort62119
58	Land57099	PLZ81866	Ort4587
59	Land86443	PLZ3792	Ort76203
60	Land17803	PLZ85573	Ort28193
61	Land11400	PLZ27646	Ort32534
62	Land84469	PLZ46511	Ort98041
63	Land58569	PLZ90313	Ort84959
64	Land87360	PLZ53956	Ort81168
65	Land75491	PLZ53685	Ort75632
66	Land83046	PLZ52055	Ort54943
67	Land24633	PLZ79373	Ort37356
68	Land44746	PLZ25881	Ort68194
69	Land61133	PLZ41950	Ort94201
70	Land8455	PLZ49906	Ort22415
71	Land21272	PLZ92537	Ort44734
72	Land48929	PLZ62557	Ort90848
73	Land59286	PLZ57029	Ort27347
74	Land77332	PLZ143	Ort80910
75	Land91326	PLZ12221	Ort85220
76	Land37793	PLZ13041	Ort27782
77	Land88987	PLZ92890	Ort21973
78	Land40451	PLZ83090	Ort54886
79	Land53777	PLZ71295	Ort99758
80	Land45849	PLZ65828	Ort65050
81	Land34697	PLZ76772	Ort41846
82	\N	PLZ21563	Ort45687
83	Land38052	PLZ45012	Ort9398
84	Land80919	PLZ18282	Ort44553
85	Land85754	PLZ37516	Ort37214
86	Land66456	PLZ72626	Ort65758
87	Land99234	PLZ5059	Ort85066
88	Land39358	PLZ6931	Ort46280
89	Land61496	PLZ75224	Ort46175
90	Land34789	PLZ9680	Ort12384
91	Land67501	PLZ26938	Ort21143
92	Land27287	PLZ59057	Ort8286
93	Land7918	PLZ31922	Ort64849
94	Land30356	PLZ76536	Ort62395
95	Land50953	PLZ59577	Ort52560
96	Land98917	PLZ66205	Ort33642
97	Land63116	PLZ51645	Ort91573
98	Land26784	PLZ714	Ort44471
99	Land20063	PLZ91347	Ort89850
100	Land22540	PLZ88381	Ort7330
\.

-- fill table angestellter (100)
\echo # filling table angestellter (100)
COPY angestellter (persnr,ueberstunden,e_mail) FROM STDIN (ENCODING 'utf-8');
10000	8	cfoyarh.zwrwapwg@gmail.com
10002	3	izetw.piym@yahoo.com
10004	9	pzyv.nnkojnf@yahoo.com
10006	6	nargzrux.ptnyzgbk@gmail.com
10008	6	oknk.ckujj@gmail.com
10010	2	xcfjbqtm.femgqli@yahoo.com
10012	6	bornpbf.jwhnqrk@gmail.com
10014	10	lxdcba.psk@gmail.com
10016	10	zko.jhntrhes@yahoo.com
10018	8	rxd.cbkzau@yahoo.com
10020	2	sqfaoxb.hdsh@gmail.com
10022	9	exvbgfil.depkqvd@yahoo.com
10024	5	tzzmdysj.iyvx@gmail.com
10026	1	wza.egl@yahoo.com
10028	4	lmoluwx.sfilhk@gmail.com
10030	7	ifaavexj.byimbb@yahoo.com
10032	6	haernr.grviyoym@gmail.com
10034	6	abud.syxnoq@yahoo.com
10036	8	hss.daokfbw@gmail.com
10038	3	skkcuu.qslwb@gmail.com
10040	1	earyyuib.bncqh@yahoo.com
10042	4	kaucno.odoi@yahoo.com
10044	1	zxvas.mkcqxru@yahoo.com
10046	2	ggi.komqxu@gmail.com
10048	6	aibjxy.ivs@yahoo.com
10050	6	dvqx.dxs@yahoo.com
10052	6	yvqaz.jsnb@yahoo.com
10054	8	gwllfb.ogtf@yahoo.com
10056	6	yedv.cdpv@gmail.com
10058	1	arti.czup@yahoo.com
10060	7	chcow.hnyjrx@yahoo.com
10062	7	ywypz.usmby@yahoo.com
10064	2	jsd.vwbvviq@yahoo.com
10066	3	srezll.cecankjf@yahoo.com
10068	1	giqy.bnnrqcz@gmail.com
10070	1	ujkkeezm.nfz@yahoo.com
10072	6	qfw.oyqn@yahoo.com
10074	9	hguulqw.rhpgblh@yahoo.com
10076	7	uwlmwbev.jur@yahoo.com
10078	6	xeyos.ivtm@gmail.com
10080	7	zpbtpx.ypqhrtyu@yahoo.com
10082	3	lgwc.ajr@yahoo.com
10084	5	eabv.xihsjac@yahoo.com
10086	2	syvptmw.mzkxen@yahoo.com
10088	1	ekmsr.nsa@yahoo.com
10090	10	qtpil.nmn@yahoo.com
10092	10	hde.uyfwi@gmail.com
10094	6	qgu.kxwavl@gmail.com
10096	7	lbjhhor.dumrm@yahoo.com
10098	1	clvcwvyl.ldsslh@yahoo.com
10100	9	jdwipkh.izhjz@gmail.com
10102	7	eyqrfp.qrnuw@gmail.com
10104	5	edkvgsk.aud@gmail.com
10106	8	nlhc.xvnnijoy@gmail.com
10108	8	fex.wzelabiq@gmail.com
10110	3	vkitatp.jvy@yahoo.com
10112	6	ico.qzp@gmail.com
10114	2	vni.bbqv@gmail.com
10116	6	qge.bxvkztjt@gmail.com
10118	4	vlqcwl.qibtc@yahoo.com
10120	7	zvqtyu.wibt@yahoo.com
10122	6	ifw.jcqhrk@gmail.com
10124	7	wvw.qfc@gmail.com
10126	7	dfenyo.pez@yahoo.com
10128	4	hlhaa.igevzvb@yahoo.com
10130	6	amtvptm.dlwjsr@gmail.com
10132	6	iwntikqq.crozxqb@yahoo.com
10134	6	lpd.tprsbjt@gmail.com
10136	7	gax.tmy@gmail.com
10138	2	kyxdfulo.kxo@gmail.com
10140	4	bjjnypyn.iyujfmt@gmail.com
10142	10	wzoh.kirxg@gmail.com
10144	2	ygsdcuo.zyedolyj@yahoo.com
10146	6	retbke.plwack@gmail.com
10148	7	rtpssvt.uxfjz@gmail.com
10150	6	nxy.rwpwkodz@gmail.com
10152	4	msammajg.kfbaqqf@yahoo.com
10154	4	qxxrbb.mkyaef@gmail.com
10156	5	ptm.yjuvc@yahoo.com
10158	6	trblrn.icd@yahoo.com
10160	1	\N
10162	3	vispj.crpnnhl@yahoo.com
10164	4	pqwxv.hufg@gmail.com
10166	2	rci.vshqo@yahoo.com
10168	2	xap.aggoqat@yahoo.com
10170	2	sxhbwlji.xseelw@yahoo.com
10172	4	krounqdd.wdw@gmail.com
10174	8	zwhghp.kzvike@yahoo.com
10176	7	vlww.rrircmq@gmail.com
10178	6	vksuql.jsdfdgj@yahoo.com
10180	10	csrcera.kfcofgov@gmail.com
10182	9	augesx.ktqqdsz@yahoo.com
10184	5	hkqaes.inqc@yahoo.com
10186	6	vktoy.uuue@yahoo.com
10188	4	ctvp.nbh@gmail.com
10190	3	ijslmwz.wws@yahoo.com
10192	10	amsmivb.xrldnap@yahoo.com
10194	5	xacscxai.fpzpwhz@yahoo.com
10196	3	ledfqcg.yavafq@yahoo.com
10198	4	htjfvwpw.vizlyl@yahoo.com
\.

-- fill table assitrainer (100)
\echo # filling table assitrainer (100)
COPY assitrainer (persnr,bezeichnung) FROM STDIN (ENCODING 'utf-8');
86641	bezeichnungMannschaft16493
32711	bezeichnungMannschaft51810
52498	bezeichnungMannschaft40091
36556	bezeichnungMannschaft51879
103247	bezeichnungMannschaft76194
11553	bezeichnungMannschaft12857
52651	bezeichnungMannschaft30839
17915	bezeichnungMannschaft22841
29560	bezeichnungMannschaft2105
91951	bezeichnungMannschaft71150
57975	bezeichnungMannschaft86707
25419	bezeichnungMannschaft39694
30559	bezeichnungMannschaft24509
77640	bezeichnungMannschaft42188
72194	bezeichnungMannschaft90589
32749	bezeichnungMannschaft33461
107275	bezeichnungMannschaft82356
90254	bezeichnungMannschaft71139
42511	bezeichnungMannschaft36925
83410	bezeichnungMannschaft4846
108473	bezeichnungMannschaft41712
18477	bezeichnungMannschaft93009
109360	bezeichnungMannschaft82397
42292	bezeichnungMannschaft85992
93078	bezeichnungMannschaft26251
38347	bezeichnungMannschaft35037
62265	bezeichnungMannschaft44549
32513	bezeichnungMannschaft94818
26682	bezeichnungMannschaft59427
85683	bezeichnungMannschaft90576
32023	bezeichnungMannschaft30919
28252	bezeichnungMannschaft33413
60748	bezeichnungMannschaft33137
97219	bezeichnungMannschaft99505
104326	bezeichnungMannschaft49557
93835	bezeichnungMannschaft40639
68496	bezeichnungMannschaft28194
87216	bezeichnungMannschaft39773
28276	bezeichnungMannschaft98035
41663	bezeichnungMannschaft51049
61956	bezeichnungMannschaft49652
72679	bezeichnungMannschaft57983
103429	bezeichnungMannschaft66179
49980	bezeichnungMannschaft48746
37872	bezeichnungMannschaft67128
23503	bezeichnungMannschaft28686
21074	bezeichnungMannschaft22120
48093	bezeichnungMannschaft95958
20951	bezeichnungMannschaft32211
26786	bezeichnungMannschaft21509
76726	bezeichnungMannschaft5041
59881	bezeichnungMannschaft74414
18833	bezeichnungMannschaft90931
75577	bezeichnungMannschaft43652
11920	bezeichnungMannschaft34110
101387	bezeichnungMannschaft66319
30070	bezeichnungMannschaft68970
73240	bezeichnungMannschaft43097
34638	bezeichnungMannschaft92793
76304	bezeichnungMannschaft2303
12962	bezeichnungMannschaft37641
90179	bezeichnungMannschaft46186
94935	bezeichnungMannschaft5513
58897	bezeichnungMannschaft79565
108028	bezeichnungMannschaft36864
40811	bezeichnungMannschaft2407
13465	bezeichnungMannschaft14149
31650	bezeichnungMannschaft18428
85265	bezeichnungMannschaft18143
10447	bezeichnungMannschaft83900
24992	bezeichnungMannschaft17584
62790	bezeichnungMannschaft76960
68358	bezeichnungMannschaft25563
33974	bezeichnungMannschaft18341
67090	bezeichnungMannschaft71376
71005	bezeichnungMannschaft71873
14639	bezeichnungMannschaft63447
38117	bezeichnungMannschaft93737
12087	bezeichnungMannschaft77450
22004	bezeichnungMannschaft80642
35784	bezeichnungMannschaft87725
90387	bezeichnungMannschaft96743
67276	bezeichnungMannschaft15493
92279	bezeichnungMannschaft46780
35790	bezeichnungMannschaft39097
20696	bezeichnungMannschaft4861
12420	bezeichnungMannschaft88600
82366	bezeichnungMannschaft56440
13123	bezeichnungMannschaft11969
90924	bezeichnungMannschaft17843
101808	bezeichnungMannschaft39073
33648	bezeichnungMannschaft63404
56179	bezeichnungMannschaft53892
78182	bezeichnungMannschaft39557
15049	bezeichnungMannschaft56508
86060	bezeichnungMannschaft72858
69934	bezeichnungMannschaft73337
86049	bezeichnungMannschaft1390
86248	bezeichnungMannschaft51033
34570	bezeichnungMannschaft15538
\.

-- fill table mitglied (100)
\echo # filling table mitglied (100)
COPY mitglied (persnr,beitrag) FROM STDIN (ENCODING 'utf-8');
10000	52
10002	25
10004	43
10006	\N
10008	70
10010	3
10012	91
10014	65
10016	24
10018	31
10020	91
10022	26
10024	38
10026	46
10028	33
10030	97
10032	37
10034	97
10036	67
10038	44
10040	34
10042	98
10044	48
10046	15
10048	89
10050	19
10052	21
10054	62
10056	64
10058	39
10060	91
10062	46
10064	26
10066	17
10068	84
10070	93
10072	100
10074	69
10076	61
10078	98
10080	67
10082	98
10084	74
10086	33
10088	41
10090	89
10092	99
10094	49
10096	91
10098	33
10100	4
10102	40
10104	83
10106	59
10108	30
10110	89
10112	36
10114	87
10116	48
10118	49
10120	80
10122	98
10124	77
10126	64
10128	86
10130	2
10132	90
10134	56
10136	10
10138	15
10140	53
10142	52
10144	11
10146	97
10148	12
10150	11
10152	16
10154	74
10156	17
10158	11
10160	42
10162	72
10164	26
10166	60
10168	83
10170	90
10172	28
10174	39
10176	95
10178	41
10180	11
10182	83
10184	43
10186	22
10188	76
10190	42
10192	29
10194	42
10196	79
10198	25
\.

-- fill table obmann (100)
\echo # filling table obmann (100)
COPY obmann (persnr) FROM STDIN (ENCODING 'utf-8');
10000
10002
10004
10006
10008
10010
10012
10014
10016
10018
10020
10022
10024
10026
10028
10030
10032
10034
10036
10038
10040
10042
10044
10046
10048
10050
10052
10054
10056
10058
10060
10062
10064
10066
10068
10070
10072
10074
10076
10078
10080
10082
10084
10086
10088
10090
10092
10094
10096
10098
10100
10102
10104
10106
10108
10110
10112
10114
10116
10118
10120
10122
10124
10126
10128
10130
10132
10134
10136
10138
10140
10142
10144
10146
10148
10150
10152
10154
10156
10158
10160
10162
10164
10166
10168
10170
10172
10174
10176
10178
10180
10182
10184
10186
10188
10190
10192
10194
10196
10198
\.

-- fill table fanclub (100)
\echo # filling table fanclub (100)
COPY fanclub (sid,name,gegruendet) FROM STDIN (ENCODING 'utf-8');
55	Mannschaft43213	2016-01-20
10	Mannschaft30990	2016-02-02
62	Mannschaft58383	2016-04-01
23	Mannschaft34712	2016-02-09
3	Mannschaft78195	2016-02-23
40	Mannschaft86336	2016-04-12
33	Mannschaft38192	2016-04-16
33	Mannschaft79135	2016-02-04
53	Mannschaft51472	2016-03-09
99	Mannschaft87100	2016-04-07
55	Mannschaft4985	2016-01-26
88	Mannschaft88000	2016-01-24
20	Mannschaft23318	2016-02-08
66	Mannschaft57758	2016-02-12
34	Mannschaft85945	2016-03-30
68	Mannschaft56850	2016-04-02
68	Mannschaft53251	2016-04-16
71	Mannschaft50268	2016-01-08
38	Mannschaft27659	2016-02-06
16	Mannschaft67560	2016-01-15
81	Mannschaft17100	2016-02-29
43	Mannschaft87726	2016-01-26
62	Mannschaft8638	2016-03-04
82	Mannschaft73670	2016-04-04
51	Mannschaft85852	2016-04-07
54	Mannschaft21838	2016-02-03
66	Mannschaft33173	2016-01-18
1	Mannschaft9831	2016-02-12
26	Mannschaft38842	2016-03-28
46	Mannschaft1422	2016-04-01
17	Mannschaft57143	2016-01-10
7	Mannschaft83912	2016-02-17
97	Mannschaft71257	2016-02-06
20	Mannschaft91453	2016-01-14
5	Mannschaft10880	2016-02-01
38	Mannschaft12868	2016-02-24
48	Mannschaft88421	2016-04-02
60	Mannschaft72644	2016-01-14
15	Mannschaft89914	2016-02-28
62	Mannschaft22448	2016-04-11
7	Mannschaft71096	2016-01-15
58	Mannschaft69405	2016-02-05
71	Mannschaft29234	2016-02-07
54	Mannschaft55688	2016-02-11
49	Mannschaft22945	2016-03-18
51	Mannschaft93648	2016-01-29
80	Mannschaft17157	2016-01-31
79	Mannschaft46295	2016-03-24
74	Mannschaft39809	2016-02-05
46	Mannschaft70235	2016-01-12
80	Mannschaft67930	2016-02-17
34	Mannschaft86659	2016-03-24
72	Mannschaft93664	2016-01-08
21	Mannschaft17899	2016-02-15
27	Mannschaft21616	2016-02-02
28	Mannschaft57972	2016-02-25
13	Mannschaft16512	2016-03-18
54	Mannschaft55105	2016-03-08
59	Mannschaft53069	2016-04-13
19	Mannschaft8992	2016-03-08
63	Mannschaft94663	2016-02-02
61	Mannschaft43930	2016-03-25
51	Mannschaft45554	2016-03-19
28	Mannschaft1208	2016-02-23
57	Mannschaft10326	2016-01-29
73	Mannschaft4625	2016-03-31
34	Mannschaft4007	2016-03-31
24	Mannschaft44713	2016-01-21
17	Mannschaft37577	2016-01-24
67	Mannschaft19219	2016-04-14
83	Mannschaft85709	2016-01-13
34	Mannschaft82346	2016-03-25
41	Mannschaft90197	2016-04-13
99	Mannschaft9790	2016-01-25
75	Mannschaft9713	2016-04-14
98	Mannschaft13341	2016-03-26
12	Mannschaft57877	2016-01-13
17	Mannschaft9254	2016-02-19
66	Mannschaft40752	2016-04-12
39	Mannschaft29677	2016-03-11
53	Mannschaft91648	2016-02-10
53	Mannschaft52993	2016-02-13
77	Mannschaft71681	2016-01-23
31	Mannschaft74863	2016-01-10
10	Mannschaft96187	2016-01-17
69	Mannschaft9452	2016-04-09
79	Mannschaft39673	2016-03-20
52	Mannschaft47984	2016-02-19
30	Mannschaft17863	2016-03-20
49	Mannschaft73025	2016-03-25
82	Mannschaft32388	2016-03-19
76	Mannschaft12910	2016-01-12
50	Mannschaft65387	2016-03-15
87	Mannschaft72360	2016-04-06
65	Mannschaft48824	2016-02-03
76	Mannschaft63965	2016-04-14
35	Mannschaft71120	2016-03-30
9	Mannschaft78425	2016-02-25
60	Mannschaft30742	2016-01-28
32	Mannschaft51739	2016-02-07
\.

-- fill table spieler (100)
\echo # filling table spieler (100)
COPY spieler (persnr,position,von,bis) FROM STDIN (ENCODING 'utf-8');
