
-- data generated by datafiller.py version 2.0.0 (r792 on 2014-03-23) for postgresql

-- fill table mannschaft (100)
\echo # filling table mannschaft (100)
COPY mannschaft (bezeichnung,klasse,naechstes_spiel) FROM STDIN (ENCODING 'utf-8');
Mannschaft1	Klasse3167	2016-03-18
Mannschaft2	Klasse2922	2016-03-16
Mannschaft3	\N	2016-03-12
Mannschaft4	Klasse22463	2016-01-28
Mannschaft5	Klasse12448	2016-01-12
Mannschaft6	Klasse7620	2016-04-14
Mannschaft7	Klasse6672	2016-03-05
Mannschaft8	Klasse82369	2016-02-27
Mannschaft9	Klasse67426	2016-04-11
Mannschaft10	Klasse79265	2016-02-25
Mannschaft11	Klasse94884	2016-03-05
Mannschaft12	Klasse64297	2016-02-08
Mannschaft13	Klasse11759	2016-01-16
Mannschaft14	Klasse76319	2016-03-17
Mannschaft15	Klasse73324	2016-03-12
Mannschaft16	Klasse75680	2016-02-03
Mannschaft17	Klasse13509	2016-01-16
Mannschaft18	Klasse35492	2016-02-26
Mannschaft19	Klasse93327	2016-04-08
Mannschaft20	Klasse58562	2016-04-08
Mannschaft21	Klasse69561	2016-03-20
Mannschaft22	Klasse47828	2016-04-06
Mannschaft23	Klasse85343	2016-01-19
Mannschaft24	Klasse72119	2016-01-09
Mannschaft25	Klasse53089	2016-02-19
Mannschaft26	Klasse96078	2016-02-21
Mannschaft27	Klasse23014	2016-01-29
Mannschaft28	Klasse83016	2016-02-27
Mannschaft29	Klasse794	2016-04-03
Mannschaft30	Klasse18656	2016-03-26
Mannschaft31	Klasse31496	2016-03-14
Mannschaft32	Klasse68719	2016-03-29
Mannschaft33	Klasse8962	2016-02-15
Mannschaft34	Klasse37596	2016-01-14
Mannschaft35	Klasse92093	2016-01-14
Mannschaft36	Klasse9556	2016-04-15
Mannschaft37	Klasse76832	2016-03-08
Mannschaft38	Klasse9813	2016-03-27
Mannschaft39	Klasse32769	2016-02-24
Mannschaft40	Klasse6787	2016-02-01
Mannschaft41	Klasse3844	2016-01-12
Mannschaft42	Klasse55728	2016-03-21
Mannschaft43	Klasse85758	2016-02-24
Mannschaft44	Klasse52018	\N
Mannschaft45	Klasse87732	2016-03-15
Mannschaft46	Klasse50956	2016-03-05
Mannschaft47	Klasse39213	2016-04-05
Mannschaft48	Klasse43584	2016-02-20
Mannschaft49	Klasse1609	2016-02-17
Mannschaft50	Klasse56685	2016-04-13
Mannschaft51	Klasse19433	2016-01-30
Mannschaft52	Klasse7871	2016-03-30
Mannschaft53	Klasse20657	2016-01-17
Mannschaft54	Klasse23276	2016-02-20
Mannschaft55	Klasse52117	2016-01-12
Mannschaft56	Klasse56987	2016-02-11
Mannschaft57	Klasse72235	2016-04-05
Mannschaft58	Klasse35351	2016-03-27
Mannschaft59	Klasse43967	2016-01-20
Mannschaft60	Klasse40697	2016-02-24
Mannschaft61	Klasse2704	2016-03-23
Mannschaft62	Klasse31954	2016-02-19
Mannschaft63	Klasse35742	2016-04-08
Mannschaft64	Klasse75006	2016-02-05
Mannschaft65	Klasse23468	2016-03-30
Mannschaft66	Klasse12605	2016-03-03
Mannschaft67	Klasse35182	2016-04-13
Mannschaft68	Klasse29472	2016-04-03
Mannschaft69	Klasse64534	2016-04-02
Mannschaft70	Klasse79623	2016-02-04
Mannschaft71	Klasse69637	2016-04-15
Mannschaft72	Klasse932	2016-01-17
Mannschaft73	Klasse7271	2016-01-29
Mannschaft74	Klasse5156	2016-02-18
Mannschaft75	Klasse13046	2016-03-04
Mannschaft76	Klasse26290	2016-02-29
Mannschaft77	Klasse11558	2016-04-14
Mannschaft78	Klasse47841	2016-01-10
Mannschaft79	Klasse31143	2016-02-10
Mannschaft80	Klasse69396	2016-04-16
Mannschaft81	Klasse75943	2016-03-03
Mannschaft82	Klasse34612	2016-03-27
Mannschaft83	Klasse15039	2016-04-15
Mannschaft84	Klasse37853	2016-03-18
Mannschaft85	Klasse73184	2016-01-26
Mannschaft86	Klasse56091	2016-02-27
Mannschaft87	Klasse93604	2016-02-02
Mannschaft88	Klasse26489	2016-03-28
Mannschaft89	Klasse45689	2016-03-11
Mannschaft90	Klasse9583	2016-03-25
Mannschaft91	Klasse80106	2016-01-28
Mannschaft92	Klasse93514	\N
Mannschaft93	Klasse73984	2016-02-11
Mannschaft94	Klasse39802	2016-03-30
Mannschaft95	Klasse71823	2016-02-10
Mannschaft96	Klasse40315	2016-02-11
Mannschaft97	Klasse94376	2016-02-22
Mannschaft98	Klasse25693	2016-01-26
Mannschaft99	Klasse59767	2016-01-10
Mannschaft100	Klasse39039	2016-04-10
\.

-- fill table person (400)
\echo # filling table person (400)
COPY person (persnr,vname,nname,geschlecht,gebdate) FROM STDIN (ENCODING 'utf-8');
10000	Viktor	Madhavan	M	2015-12-21
10002	Qainsp	Holthaus	W	2016-01-13
10004	Viole	Axberg	M	2015-06-30
10006	Ainsley	Fisprod	M	2016-01-31
10008	Shailendra	Boatwright	W	2015-03-24
10010	Marcelia	\N	M	2015-03-17
10012	Arabella	Ogrodnik	M	2015-05-27
10014	Ehab	Mohrmann	W	2016-02-09
10016	Corri	Bachelu	M	2015-11-20
10018	Kung	Luzarraga	\N	2015-12-04
10020	Dierdre	Rangaswami	M	\N
10022	Binni	Bouroncle	W	2015-05-03
10024	Merlin	Medlin	M	2016-04-02
10026	Querida	Pageau	W	2015-10-04
10028	Maryl	Borson	W	2015-07-10
10030	Praveen	Graziano	M	2015-12-24
10032	Blondelle	Mouat	M	2015-04-25
10034	Priscella	Racette	M	2015-03-27
10036	Christie	Jankowski	W	2015-09-03
10038	Eamon	Milloy	M	2015-12-17
10040	Colline	Purington	W	2015-10-05
10042	Nj	Bomstein	M	2016-03-29
10044	Perl	Ryals	M	2015-05-06
10046	Sabah	Soussa	M	2015-06-10
10048	Zainab	Patoka	M	2015-11-19
10050	Clarie	Smeenk	M	2015-06-08
10052	Chanh	Parkin	W	2015-12-25
10054	Leandra	Waletzky	\N	\N
10056	William	Cowen	W	2015-10-02
10058	Ginn	Das	M	2016-01-17
10060	Willamina	Bousfield	W	2015-12-06
10062	Shanie	Bradlow	M	2016-04-01
10064	Florry	Powers	W	2015-06-02
10066	Adri	Ziehn	M	2015-11-10
10068	Lorianna	Horstman	M	2015-06-02
10070	Selime	Le	W	2016-03-16
10072	Persis	Benda	M	\N
10074	Fredra	Hartleb	W	2016-03-14
10076	Node	Toperzer	W	2015-11-13
10078	Gracia	Dunnett	W	2015-08-05
10080	Tayeb	Siddell	M	2015-05-29
10082	Sky	Denton	W	2015-08-29
10084	Tori	Lehtovaara	M	\N
10086	Sharron	Maleski	M	2015-12-18
10088	Chen-Jung	Pullan	M	2015-10-25
10090	Madlin	Brannan	M	2015-12-26
10092	Mufinella	Speight	M	2015-07-14
10094	Azra	Laughridge	M	2015-07-23
10096	Carling	Fildey	M	2015-08-20
10098	Collen	Throgmorton	W	2015-06-12
10100	Taiwana	Alburger	M	2015-10-03
10102	Page	Nizman	W	2015-05-06
10104	Orden	Cisco	M	2015-07-21
10106	JR	Kositpaiboon	W	2016-01-18
10108	Ioana	Gutcher	M	2015-04-15
10110	Vinny	Hehn-Schroeder	M	2015-12-26
10112	Darlleen	Waldie	M	2016-03-10
10114	Caria	Katchmar	M	2016-03-01
10116	Girish	Whetston	W	2015-12-06
10118	Marieann	Fujii	M	2015-04-12
10120	Glynn	Mignault	M	2015-09-16
10122	Desirae	Pufpaff	W	2015-04-11
10124	Blake	Brandstadt	M	2016-03-11
10126	Larisa	Kupferschmidt	W	2016-02-05
10128	Liane	Marrec	M	2016-03-30
10130	Jerome	Zumpf	W	2015-09-29
10132	Ardella	Schmitz	W	2016-02-25
10134	Roly	Tutt	W	2015-09-27
10136	Dana	Ellis	M	2015-05-26
10138	Dorree	Prestia	W	2015-08-01
10140	Minnaminnie	Lyons	W	2015-06-30
10142	Milou	Warun	M	2015-06-20
10144	Nabil	Mabuchi	W	2015-04-04
10146	Glen	Schlachter	W	2016-02-01
10148	Phelia	McLaren	M	2015-04-25
10150	Myrtice	Ottowa	M	2016-03-20
10152	Shahab	Buczek	W	2015-11-16
10154	Griet	Bolly	W	2016-02-01
10156	Gracomda	Baragar	M	2016-03-13
10158	Milzie	Marciniuk	W	2015-04-29
10160	Kelsi	Fielding	M	2015-07-07
10162	Pansy	Smuda	W	2015-04-27
10164	Grissel	Brokaw	W	2015-08-24
10166	Hubert	Dutil	W	2015-07-28
10168	Chung-Cheung	Callos	W	2015-11-29
10170	Dyan	Drop-Box	W	2016-04-15
10172	Dulci	Venning	W	2016-02-16
10174	Hattie	Atchison	W	2015-05-21
10176	Arlette	Farnsworth	M	2015-07-01
10178	Betteanne	Omura	W	2015-10-05
10180	Olimpia	Wiegand	M	2015-05-12
10182	Goran	Hutson	M	2015-12-09
10184	Thrift	Vandagriff	W	2015-04-01
10186	Liesa	Huang	W	2015-04-11
10188	Nolana	Kornachuk	M	2016-01-05
10190	Milou	Seeler	W	2016-01-06
10192	Belle	Thieken	M	2015-12-22
10194	Edouard	Greveling	M	2016-03-29
10196	Tawauna	McTurner	W	2015-03-20
10198	Andriana	Bujold	W	2015-04-18
10200	Erzsebet	Bottoms	W	2016-04-05
10202	Mirabelle	Panchmatia	W	2015-05-16
10204	Kitson	Caudle	M	2016-04-09
10206	Morrie	Woodlief	M	2015-04-24
10208	Danni	Sommerfeld	M	2016-02-07
10210	Reginald	Musgrove	M	2016-01-14
10212	Charley	Operator	W	2015-11-10
10214	Ayako	Kathie	M	2016-01-02
10216	Valida	Cummings	M	2015-10-04
10218	Michal	PATCOR	W	2015-09-11
10220	Jordan	Cohoe	W	2015-05-23
10222	Nashville	Fanthome	W	2016-01-26
10224	Florine	Brans	\N	2015-09-27
10226	Albrecht	Panton	W	2015-03-31
10228	Laurel	Datta	M	2015-04-07
10230	Rici	Parisen	W	2015-11-16
10232	Hrdata	Shishakly	W	2015-09-15
10234	Jelene	Spurway	W	2016-03-08
10236	Dorris	Littlewood	W	2016-03-02
10238	Leila	Deslandes	M	2015-10-25
10240	Baets	Colgan	W	2015-07-18
10242	Tab	Simcoe	M	2015-12-14
10244	Roselle	Barstow	W	2016-03-23
10246	Bo	Sheikh	M	2015-04-14
10248	Yolanthe	Heyward	W	2015-08-05
10250	Snair	Cheuk	W	2015-05-04
10252	Christal	Blanchet	W	2016-04-08
10254	Nils	Feist	M	2015-03-17
10256	Sales	Chamayou	W	2015-08-25
10258	Shanie	Dowd	M	2016-03-20
10260	Martha	Sarbutt	W	2016-02-01
10262	Franni	Hulett	W	2015-10-08
10264	Kerrin	Terzian	M	2015-07-07
10266	Ariela	Donohoe	M	2015-10-09
10268	Raz	Bannard	M	2015-11-22
10270	Dnadoc	Skelly	W	2015-07-13
10272	\N	Smyth	W	2015-08-21
10274	Luise	Miao	M	2015-12-13
10276	Wandie	Bardsley	W	2015-10-26
10278	Rosene	Fullager	M	2015-06-28
10280	\N	Kohalmi	W	2015-12-31
10282	Marko	Herren	M	2016-01-23
10284	Ninon	Briard	W	2016-03-14
10286	Leung	Verhotz	M	2016-01-30
10288	Shinichiro	\N	M	2015-06-11
10290	Idus	Intemann	M	2015-11-29
10292	Randa	Drolet	M	2015-10-17
10294	Hoy	Kuzz	W	2015-04-02
10296	Suk-Yin	Jachym	M	2016-03-30
10298	Hadi	Jee	M	2015-08-14
10300	Concordia	Colley	M	2015-04-30
10302	Theodore	\N	M	2015-11-15
10304	Fayma	Dikens	M	2015-05-27
10306	Wee-Lin	Ortiz	W	2016-03-15
10308	Wilford	McCue	M	2016-03-12
10310	Den	Kurniawan	W	2015-05-14
10312	Charee	Tidball	W	2015-11-22
10314	Margret	Yamin	M	2015-07-10
10316	Japan	Houle	M	2015-05-06
10318	Avie	Swartz	M	2016-01-19
10320	Tayeb	Mansi	M	2016-03-24
10322	Dulcy	Isley	M	2015-10-05
10324	Nichol	Ceponis	M	2015-07-23
10326	Jason	McNeal	M	2015-12-18
10328	Johnnie	Bulz	M	2015-10-19
10330	Elwyn	Farrell	M	2015-12-28
10332	Felicle	Wahab	M	2015-05-28
10334	Desiree	St.John	M	2016-02-16
10336	Daune	Chanonat	M	2015-11-02
10338	Toyanne	Ko	W	2015-11-18
10340	VuHoan	Oshiro	W	2016-01-20
10342	Nevil	Chui	W	2015-06-13
10344	Daffi	Records	M	2015-10-28
10346	Riyad	Hsu	M	2015-03-20
10348	Dyana	Gilmore	M	2015-09-05
10350	Anderson	Kasbia	W	\N
10352	Hank	Winje	M	2015-06-05
10354	Marjorie	Borgia	M	2015-11-20
10356	Cassaundra	Dokuzoguz	M	2015-05-16
10358	Yc	Kirkland	W	2015-12-11
10360	Leora	Chesterfield	M	2015-09-26
10362	Malik	Gaiotti	W	2015-11-30
10364	Aybars	Wiggins	W	2015-12-23
10366	Shailin	Moseby	M	2015-04-28
10368	Wakako	Bunn	W	2016-03-26
10370	Nonah	Crumpton	W	2015-03-29
10372	Joke	Scovill	M	2015-12-04
10374	Clem	Beaupre	W	2015-10-19
10376	Jordan	Tsai	M	\N
10378	Melisandra	Flaherty	M	2015-07-11
10380	Ermo	KleynenbergNTRTPB	M	2015-04-29
10382	Gee-Meng	Nehring	W	2015-05-22
10384	Crysta	Pitts	M	2015-08-06
10386	Melba	Robinson	W	2015-11-16
10388	Ardra	Nys	M	2015-05-22
10390	Elwood	Milaknis	W	2015-11-04
10392	Joya	Newby	M	2015-07-11
10394	Wes	Houston	W	2015-10-28
10396	Winni	Cacha	W	2015-07-02
10398	Sean	Duyck	M	2015-06-01
10400	Veronica	Hadel	W	2016-01-21
10402	Gina	Bissonnette	M	2015-06-23
10404	Donita	Heckman	M	2016-03-31
10406	Reza	Drummond	W	2015-08-21
10408	Anderson	Ruiz	M	2015-09-24
10410	Pearle	Mathis	W	2016-01-07
10412	Quon	Souza	W	2015-12-07
10414	Angele	Fehr	W	2015-06-01
10416	Anya	Ledou	M	2015-03-28
10418	Fayina	Churas	W	2015-05-02
10420	Savita	Dunnion	W	2016-03-02
10422	Dia-Edin	Meszaros	W	2015-05-27
10424	Ottilie	Stephen	W	2015-11-11
10426	Rodger	Reports	M	2015-06-21
10428	Saba	Sanchez	M	2015-09-27
10430	Lora-Lee	Coathup	M	2016-04-04
10432	Quynh	Cowen	M	2015-11-20
10434	Theadora	Bosy	M	2015-12-29
10436	Mag	Plamondon	M	2015-07-27
10438	Cam	Umphres	M	2015-11-12
10440	Arun	Davids	W	2015-10-18
10442	Cristy	Acton	W	\N
10444	Subi	McLenaghan	\N	2015-04-10
10446	Alisha	Zilaie	W	2015-10-19
10448	Kalli	Stegmueller	M	2015-09-02
10450	Elyssa	Jarboe	W	2015-05-07
10452	Grata	St.Pierre	M	2015-04-19
10454	Hatty	Kinney	W	2015-06-02
10456	Takako	Roundy	W	2015-10-29
10458	Frances	Decarie	W	2015-11-16
10460	Nelleke	Meche	W	2016-01-25
10462	Bruno	Jemczyk	M	2016-02-22
10464	Maurijn	Farronato	M	2015-11-03
10466	Veradis	Siu	W	2015-11-13
10468	Yolane	Lineham	W	2015-08-15
10470	Mkt	Ferriss	M	2015-11-29
10472	Howard	Suprick	W	2015-04-21
10474	\N	Bulmer	W	2016-03-21
10476	Chandrakant	Kahtasian	M	2016-02-20
10478	Desire	Gooley	M	2016-03-10
10480	Jewelle	Ancel	M	2015-07-12
10482	Donnamarie	Interaction	W	2015-06-29
10484	Krystn	DPP	W	2016-04-04
10486	Meridel	Weidinger	M	2015-10-18
10488	Voort	Hazlett	W	2015-12-05
10490	Engracia	Polder	W	2015-09-11
10492	Frederic	Killam	M	2015-09-15
10494	Colly	Chiabaut	M	2015-09-09
10496	Aile	\N	W	2015-07-22
10498	Desiri	DeFord	M	2015-12-07
10500	Ellis	Leitrick	W	2015-04-21
10502	Turkey	Dobbs	W	2016-03-11
10504	Buda	Bahgat	M	2016-03-24
10506	Clemente	Bolio	W	2015-12-13
10508	Shalna	Dasilva	M	2016-03-30
10510	Anne-marie	Schallenberg	W	2015-07-08
10512	Katha	Godish	M	2015-08-08
10514	Mihaela	Playatuna	W	2015-06-12
10516	Jerrylee	Cowell	W	2015-12-05
10518	Kathrine	Dupuis-Mignault	W	2015-08-28
10520	Jaquith	Kikuta	M	2015-06-21
10522	Daryl	Krenos	W	2016-04-15
10524	Saleh	Bach	M	2016-04-09
10526	Phillida	Cuper	W	2015-08-31
10528	Zorana	Fatica	W	2015-11-29
10530	Sigrid	Pdesupport	M	2015-10-15
10532	Donald	Popa	W	2015-07-26
10534	Missagh	Zaman	M	\N
10536	Karolina	Tadlock	W	2015-05-18
10538	Cyndi	Silva	W	2016-03-04
10540	Kalindi	Schallenberg	M	2015-09-08
10542	Emily	Shurtleff	W	2016-03-05
10544	Yoshiaki	Dana	W	2015-12-25
10546	Clotilda	Treen	W	2015-12-04
10548	The	O Hearn	W	2015-03-19
10550	Janaye	Vmsupport	M	2016-04-09
10552	Aggie	Eskicioglu	W	2015-10-27
10554	Huan-yu	Saifullah	M	2016-01-05
10556	Shay	Koiste	W	\N
10558	Denver	Wenham	\N	2015-08-04
10560	Lynn	Dilallo	M	2015-10-16
10562	Livvy	Tabor	W	2015-05-04
10564	Rebeka	Kahil	M	2015-10-21
10566	Brigida	Fiteny	M	2015-09-14
10568	Kazuko	McPhaden	M	2015-08-04
10570	Amandip	Lebars	M	2015-12-02
10572	Sarette	Kamal	M	2015-09-24
10574	Darrell	Hyslop	M	2016-01-14
10576	Carolle	Nugent	M	2015-12-26
10578	Quang-Trung	Nicholson	W	2015-10-11
10580	Viole	Brennen	W	2015-12-11
10582	Tomoyoshi	Piske	M	2015-08-08
10584	Kemp	Nyberg	M	2015-07-19
10586	Jutta	Schnell	W	2016-01-18
10588	Leslie	Tsortos	W	2016-02-05
10590	Catie	Dinsmore	W	2015-07-04
10592	Tatsuya	Verrilli	M	2015-08-25
10594	Syl	McAfee	W	2015-08-01
10596	Tybie	Phagan	M	2015-03-30
10598	Teodora	Murash	M	2015-08-21
10600	Francis	Stennett	M	2016-01-04
10602	DeeAnn	Dantzler	W	2015-05-08
10604	Dau	Winje	W	2015-12-12
10606	Regine	Steffes	W	2016-04-09
10608	Tetsuya	Sidorovsky	M	2015-10-14
10610	Myrthille	Mills	W	2015-11-13
10612	Jewel	Spriggs	W	2016-03-04
10614	Sonni	Kaigler	M	2015-06-03
10616	Dpnis	Commons	W	2015-10-14
10618	Dedie	Korbel	M	2015-04-07
10620	Amina	Benschop	M	2015-04-17
10622	Lynnet	Herring	W	2015-12-08
10624	Farzad	Swails	M	2015-05-20
10626	Francisca	Ertan	M	2015-12-16
10628	Arno	Skopliak	W	2015-09-07
10630	Gloriana	Costas	W	2015-11-19
10632	Dyan	Orlando	W	2016-01-11
10634	Raquela	Hermann-Kendall	M	2015-11-30
10636	Clarence	McCleery	W	2015-12-24
10638	Mary-Michelle	Ermey	W	2015-11-20
10640	Jozsef	Gustlin	M	2015-07-28
10642	Dulciana	Caple	M	2016-03-23
10644	Vonnie	Wasitova	W	2015-09-15
10646	\N	Schaefer	M	2015-04-11
10648	Hally	Hartin	M	2015-11-21
10650	Madella	Haigh	M	2015-09-08
10652	Paper	Lecompte	M	2015-05-15
10654	Anver	Rozen	M	2016-03-25
10656	\N	Valiveti	M	2015-07-18
10658	Tarik	Estey	W	2016-04-12
10660	Howie	Sides	W	2015-03-26
10662	Cortney	Pao	M	2015-11-01
10664	Christi	Weitz	W	2015-07-17
10666	Kin-Wai	Overdyke	W	2015-10-02
10668	Octavio	Partello	W	2015-12-23
10670	Marjet	Drago	W	2015-07-21
10672	Kally	Langley	W	2016-01-25
10674	Corrina	Dowell	W	2016-02-10
10676	Andie	Lafever	W	2015-06-24
10678	Gui	Cuffle	M	2015-04-28
10680	Milzie	Flores	W	2016-01-30
10682	Los	Lazar	M	2015-10-11
10684	Blinnie	Blake-Knox	W	2015-12-14
10686	Elton	Stephans	M	2015-04-21
10688	Kassie	Neywick	M	2016-04-15
10690	Nevein	Hernon	M	2015-10-03
10692	Burgess	Holberry	M	2015-06-10
10694	Tas	Duchesne	M	2016-04-05
10696	Genna	Brombal	M	2015-08-30
10698	Kassi	Bowab	W	2015-10-15
10700	Odette	Rusch	M	2015-09-25
10702	Elizalde	Manickam	W	2015-07-26
10704	Livvie	Metzger	M	2015-05-25
10706	Edwina	WAR	M	2015-07-24
10708	Kandy	Sprunger	M	2016-03-15
10710	Kent	Gorhum	M	2015-03-18
10712	Hynda	NetTeam	M	2016-01-31
10714	Akihiko	Kessel	W	2016-01-04
10716	Ned	Urquhart	W	2015-06-21
10718	Fredi	Guth	W	2015-11-16
10720	Dorita	Eveleigh	M	2016-02-14
10722	Regis	Saltsider	M	2016-01-14
10724	Teddy	Kempffer	M	2015-08-02
10726	Amaleta	Daly	M	2016-04-13
10728	Camel	Singham	W	2015-04-10
10730	Margaretha	Brans	W	2015-11-17
10732	Ciel	Lazarowich	M	2015-05-05
10734	Kaia	Sankey	W	2015-10-27
10736	Auguste	Bachelu	M	2015-10-30
10738	Rachele	Grossutti	W	2015-12-19
10740	Letti	Choptovy	W	2015-06-04
10742	Cat	Wiebe	M	2015-11-08
10744	Kimbra	Virchick	W	2015-06-18
10746	Kali	Yun	M	2015-05-15
10748	Iormina	Slinkard	M	2015-07-21
10750	Huan-yu	Denemark	W	2016-01-21
10752	Elbert	Larabie	W	2015-10-20
10754	Cindra	Rch	M	2015-06-01
10756	Sedigheh	Ganadry	M	2016-03-31
10758	Desiri	Balcom	W	2016-04-01
10760	Syl	Morino	M	2016-04-12
10762	Goska	Dalmard	W	2015-11-02
10764	Grace	Creecy	M	2015-04-30
10766	Myrtice	Schieber	W	2015-07-10
10768	Ferdinande	Pena-Fernandez	M	2015-10-03
10770	Ioan	Steffes	M	2015-12-09
10772	Cathe	Ramsay	M	2015-10-31
10774	Hemant	Digilio	W	2016-03-03
10776	Benetta	Marriott	M	2015-07-19
10778	John	Pozzi	M	2015-05-18
10780	Subramaniam	Royer	W	2015-09-15
10782	Thaddeus	Tena	M	2016-04-03
10784	Kazuo	Mullaney	M	2015-11-23
10786	Anica	Mandel	M	2016-03-15
10788	Vipi	Beaty	W	2015-09-09
10790	Marrissa	Dedas	M	2015-08-27
10792	Wilma	Benedek	W	2015-06-25
10794	Myrthille	Marzella	W	2015-12-26
10796	Elnora	Paliga	M	2015-03-25
10798	Eddie	Janovich	M	2015-10-27
\.

-- fill table trainer (100)
\echo # filling table trainer (100)
COPY trainer (persnr,gehalt,von,bis) FROM STDIN (ENCODING 'utf-8');
10000	10057	2004-01-05	2015-10-31
10002	10041	2004-06-14	2015-10-22
10004	10011	2004-09-30	2015-10-26
10006	10053	2004-02-03	2015-11-16
10008	10064	2001-12-22	2015-11-30
10010	10015	2004-03-08	2015-11-07
10012	10052	2003-12-19	2015-12-27
10014	10095	2002-04-19	2015-09-28
10016	10072	2002-10-29	2015-11-24
10018	10064	2000-11-03	2015-11-26
10020	10041	2003-05-29	2015-12-11
10022	10021	2000-08-31	2015-11-14
10024	10009	2001-10-31	2015-12-19
10026	10093	2001-06-01	2015-10-31
10028	10060	2002-05-09	2015-10-23
10030	10063	2002-07-27	2015-12-25
10032	10063	2001-11-04	2015-12-01
10034	10095	2002-11-09	2015-10-06
10036	10090	2002-11-02	2015-10-03
10038	10082	2003-07-14	2015-09-29
10040	10029	2001-10-12	2015-10-11
10042	10053	2002-05-08	2015-11-18
10044	10073	2004-04-13	2015-12-08
10046	10088	2004-08-07	2015-12-16
10048	10014	2001-11-09	2015-12-03
10050	10002	2001-01-22	2015-12-12
10052	10077	2001-03-08	2015-11-30
10054	10027	2001-12-12	2015-11-26
10056	10023	2003-04-03	2015-11-28
10058	10005	2003-12-19	2015-12-17
10060	10028	2004-08-25	2015-12-17
10062	10080	2003-05-02	2015-10-27
10064	10038	2001-12-15	2015-10-14
10066	10058	2001-12-27	2015-11-22
10068	10050	2002-06-14	2015-10-31
10070	10033	2002-06-02	2015-10-17
10072	10012	2001-08-24	2015-10-16
10074	10008	2000-06-02	2015-11-28
10076	10039	2004-04-01	2015-10-06
10078	10096	2002-12-28	2015-11-02
10080	10095	2002-01-06	2015-11-18
10082	10040	2002-04-09	2015-11-17
10084	10087	2003-04-13	2015-10-15
10086	10078	2002-09-06	2015-12-22
10088	10047	2004-09-29	2015-09-25
10090	10059	2001-01-17	2015-11-26
10092	10048	2004-08-26	2015-11-04
10094	10006	2002-05-05	2015-11-11
10096	10052	2003-11-08	2015-12-25
10098	10087	2001-08-26	2015-11-27
10100	10026	2004-02-05	2015-11-17
10102	10033	2002-04-29	2015-10-06
10104	10059	2002-08-15	2015-10-27
10106	10086	2002-01-10	2015-12-13
10108	10084	2002-02-08	2015-12-27
10110	10087	2002-03-04	2015-11-11
10112	10000	2000-11-03	2015-12-09
10114	10084	2003-03-19	2015-11-28
10116	10013	2003-04-07	2015-11-01
10118	10088	2004-05-14	2015-10-15
10120	10056	2003-03-30	2015-10-05
10122	10031	2002-09-15	2015-11-16
10124	10016	\N	2015-10-29
10126	10051	2000-09-07	2015-11-11
10128	10038	2002-08-07	2015-11-12
10130	\N	2000-06-11	2015-10-31
10132	10071	2001-04-26	2015-12-08
10134	10095	2002-02-28	2015-09-27
10136	10093	2003-04-19	2015-12-05
10138	10059	2000-09-14	2015-12-29
10140	10043	2004-08-14	2015-11-11
10142	10032	2002-11-19	2015-11-27
10144	10026	2001-07-25	2015-11-12
10146	10057	2001-07-04	2015-12-24
10148	10088	2000-12-18	2015-11-22
10150	10080	2004-03-19	2015-11-24
10152	10066	2002-01-08	2015-10-26
10154	10080	2000-05-25	2015-09-27
10156	10074	2003-05-12	2015-10-03
10158	10066	2000-09-08	2015-10-17
10160	10045	2002-09-02	2015-10-21
10162	10013	2001-12-01	2015-10-05
10164	10070	2002-10-07	2015-12-06
10166	10031	2001-04-20	2015-12-26
10168	10085	2001-07-11	2015-10-21
10170	10041	2004-11-02	2016-01-01
10172	10031	2003-09-25	2015-10-31
10174	10040	2004-04-30	2015-11-25
10176	10093	2003-03-19	2015-11-10
10178	\N	2000-08-13	2015-10-29
10180	10064	2004-09-14	2015-10-16
10182	10007	2001-09-18	2015-10-27
10184	10023	2003-10-09	2015-12-21
10186	10092	2004-09-25	2015-10-05
10188	10076	2002-08-31	2015-10-06
10190	10062	2004-05-08	2015-11-30
10192	10057	2000-08-19	2015-11-01
10194	10086	2002-12-24	2015-09-26
10196	10090	2003-11-11	2015-11-18
10198	10084	2004-02-04	2015-11-30
\.

-- fill table standort (100)
\echo # filling table standort (100)
COPY standort (sid,land,plz,ort) FROM STDIN (ENCODING 'utf-8');
1	Land8545	PLZ37538	Ort8205
2	Land43685	PLZ34840	Ort15775
3	Land78851	\N	Ort60370
4	Land56544	PLZ95784	Ort29214
5	Land53898	PLZ28722	Ort54873
6	Land32461	PLZ50939	Ort17421
7	Land90107	PLZ5425	Ort90250
8	Land69041	PLZ59900	Ort92382
9	Land64133	PLZ38028	\N
10	Land73427	PLZ85599	Ort84589
11	Land47998	PLZ78707	Ort82369
12	Land96788	PLZ70448	Ort84905
13	Land66154	PLZ647	Ort12253
14	Land76029	PLZ76011	Ort74308
15	Land59902	PLZ24028	Ort83026
16	Land25738	PLZ51331	Ort13472
17	Land94009	PLZ47568	Ort308
18	Land31746	PLZ79499	Ort28450
19	Land65704	PLZ38696	Ort78730
20	Land80264	PLZ40213	Ort68284
21	Land79353	PLZ64990	Ort71721
22	Land16680	PLZ57832	Ort27348
23	Land55506	PLZ17155	Ort51446
24	Land39305	PLZ30587	Ort43226
25	Land55125	PLZ94936	\N
26	Land40426	PLZ33066	Ort34605
27	Land37750	PLZ29516	Ort95376
28	Land24269	PLZ26071	Ort19210
29	Land91593	PLZ32722	Ort5728
30	Land55494	PLZ60058	Ort89469
31	Land75670	PLZ27484	Ort46985
32	Land53015	PLZ76500	Ort91506
33	Land78302	PLZ18962	Ort6074
34	Land33072	\N	Ort39777
35	Land29862	PLZ76431	Ort10272
36	Land82440	PLZ63802	Ort70130
37	Land64357	PLZ10851	Ort45121
38	Land19358	PLZ25300	Ort73001
39	Land9325	PLZ25445	Ort14572
40	Land47829	PLZ17342	Ort14165
41	Land21676	PLZ37653	Ort8680
42	Land10304	PLZ76798	Ort88461
43	Land33282	PLZ5041	Ort89277
44	Land54776	PLZ60272	Ort93789
45	Land13765	PLZ93714	Ort3324
46	Land51261	PLZ50353	Ort54553
47	Land83669	PLZ29264	Ort82398
48	Land43848	PLZ83881	Ort92668
49	Land36057	PLZ46293	Ort29312
50	Land32456	PLZ61747	Ort93580
51	Land43855	PLZ58553	Ort81374
52	Land5043	PLZ64894	Ort28827
53	Land10286	PLZ61642	Ort91864
54	Land47795	PLZ37769	Ort44893
55	Land10130	PLZ6938	Ort50974
56	Land99033	PLZ2882	Ort61760
57	Land44093	PLZ67580	Ort27685
58	Land44400	PLZ43449	Ort88454
59	Land18381	PLZ41892	Ort98481
60	Land32448	PLZ64779	Ort50662
61	Land53650	PLZ26014	Ort12597
62	Land74484	PLZ91425	Ort26434
63	Land29945	PLZ84628	Ort18046
64	Land7624	PLZ57580	Ort58367
65	Land59455	\N	Ort11247
66	Land62733	PLZ31297	Ort5103
67	Land32265	PLZ55309	Ort33459
68	Land94988	PLZ15860	Ort1162
69	Land30117	PLZ94043	Ort19646
70	Land30576	PLZ38802	Ort59796
71	Land88317	PLZ74297	Ort19906
72	Land21375	PLZ51550	Ort39611
73	Land25943	PLZ15032	Ort37056
74	Land64600	PLZ38408	Ort7730
75	Land67199	PLZ43547	Ort73723
76	Land72422	PLZ26587	Ort94518
77	Land74426	PLZ18517	Ort21032
78	Land96682	PLZ13221	Ort70581
79	Land48761	PLZ81285	Ort8202
80	Land94266	PLZ67245	Ort78487
81	Land85384	PLZ20384	Ort62062
82	Land66265	PLZ44172	Ort14111
83	Land84957	PLZ21490	\N
84	Land7906	PLZ72828	Ort48060
85	Land7745	PLZ30628	Ort87461
86	Land44331	PLZ56972	Ort65548
87	Land19178	PLZ88001	Ort1431
88	Land70856	PLZ67701	Ort66238
89	Land16480	PLZ88439	Ort60617
90	Land48713	PLZ55908	Ort36226
91	Land52925	PLZ89869	Ort17487
92	Land21694	PLZ31115	Ort19895
93	Land58243	PLZ56316	Ort85331
94	Land62727	PLZ68459	Ort42350
95	Land65302	PLZ46485	Ort56415
96	Land19406	PLZ52296	Ort24475
97	Land40667	PLZ85973	Ort31057
98	Land88042	PLZ13276	Ort61025
99	Land35736	PLZ19972	Ort4851
100	Land66355	PLZ57393	Ort81309
\.

-- fill table angestellter (100)
\echo # filling table angestellter (100)
COPY angestellter (persnr,ueberstunden,e_mail) FROM STDIN (ENCODING 'utf-8');
10000	2	ttz.ddvl@gmail.com
10002	1	vzi.eoghnsc@gmail.com
10004	3	ial.tercdvea@gmail.com
10006	10	xxotr.grs@gmail.com
10008	3	qlet.ggyl@yahoo.com
10010	3	fpaxmt.rocam@yahoo.com
10012	9	mqavmvco.onhlh@gmail.com
10014	1	uhfu.cgpwk@gmail.com
10016	3	tbszuvdw.vulif@gmail.com
10018	6	uhs.kmuhs@yahoo.com
10020	6	jncd.endfv@yahoo.com
10022	5	lskucskk.rre@gmail.com
10024	8	qumm.bfj@gmail.com
10026	9	hmsnl.ygjtpss@yahoo.com
10028	2	ciaojzp.irw@gmail.com
10030	7	yueywcn.wtxxxz@gmail.com
10032	7	ybur.ynxjnm@yahoo.com
10034	1	kbxgplw.rsk@yahoo.com
10036	10	nhc.qbymbpy@gmail.com
10038	4	ajuobjmn.bbvnc@gmail.com
10040	3	qzka.ool@gmail.com
10042	5	fonw.ektuvv@yahoo.com
10044	2	mwyaol.otc@gmail.com
10046	10	ozzh.qvychxx@gmail.com
10048	7	jgp.xyzjpalv@gmail.com
10050	3	ugf.jlpuyw@gmail.com
10052	5	ujwdfl.kst@gmail.com
10054	1	zxjzbhm.mqgtkpz@yahoo.com
10056	8	uin.xzfxr@yahoo.com
10058	1	txfiefq.ltdxiu@gmail.com
10060	2	vmovts.ntu@gmail.com
10062	8	xmwakcnv.njdw@gmail.com
10064	2	cul.hwpq@gmail.com
10066	1	\N
10068	3	zxg.vpnpjq@yahoo.com
10070	4	pxq.nktrf@gmail.com
10072	3	ksjaexr.tygi@gmail.com
10074	7	qnlq.voiuim@yahoo.com
10076	6	hvamktk.sys@gmail.com
10078	1	oghn.fsfytsj@gmail.com
10080	6	dnrahau.psjtqn@gmail.com
10082	4	keaxact.lplvnfxk@gmail.com
10084	9	tmxu.cyntrg@yahoo.com
10086	7	qjwo.ztaxkc@yahoo.com
10088	6	smikep.kbenxzxu@yahoo.com
10090	9	erm.zihv@gmail.com
10092	7	kksd.inrdvtr@yahoo.com
10094	3	kkbz.ado@yahoo.com
10096	10	huaopkpt.czz@yahoo.com
10098	2	\N
10100	8	ljocvnx.pha@yahoo.com
10102	7	mgmee.zjtlse@yahoo.com
10104	2	aipq.ddtllmj@yahoo.com
10106	10	tysg.annioo@yahoo.com
10108	10	xtllvcw.qiufnox@yahoo.com
10110	5	mosqrtkw.kndg@yahoo.com
10112	10	ewdphkr.txar@gmail.com
10114	6	elrd.nnw@yahoo.com
10116	6	uwxl.mli@yahoo.com
10118	8	cmawe.zpuoxfft@gmail.com
10120	9	edhn.igo@gmail.com
10122	6	cfasm.ypme@gmail.com
10124	4	tkre.gxpmnd@yahoo.com
10126	6	itvcxxpr.dhuj@gmail.com
10128	10	hecsdrrl.hggxetp@gmail.com
10130	9	rqerhpgl.hecoted@gmail.com
10132	4	ony.dsshzdu@yahoo.com
10134	1	vxokf.uiazoitt@yahoo.com
10136	5	ffit.hnwi@gmail.com
10138	6	ubp.adjko@yahoo.com
10140	4	lom.pqjcd@gmail.com
10142	5	pds.sbrtmsl@yahoo.com
10144	5	ptt.eotky@gmail.com
10146	10	coxhdei.ufewg@yahoo.com
10148	1	byounnt.eoupgimy@gmail.com
10150	1	jowcoq.ybfxqll@yahoo.com
10152	10	tzi.zkiqr@gmail.com
10154	10	pobeipp.jkmdp@gmail.com
10156	7	mcsi.fswbah@gmail.com
10158	8	qsgcopl.yxejfgti@yahoo.com
10160	7	riq.dklo@yahoo.com
10162	9	sgm.evwfxpr@gmail.com
10164	5	usj.dkk@yahoo.com
10166	7	seiq.emlgj@gmail.com
10168	10	cmcpams.wvogov@yahoo.com
10170	10	luzkde.lzobohon@gmail.com
10172	3	drx.fjmyjf@gmail.com
10174	2	izjpsut.rlio@yahoo.com
10176	4	yanbgjwj.ehvuz@gmail.com
10178	7	blznzt.adg@gmail.com
10180	3	hokvi.lmth@yahoo.com
10182	9	vkyaif.yjy@yahoo.com
10184	10	rbzzk.ymfrzsyl@gmail.com
10186	7	eerdyi.jsdly@gmail.com
10188	8	oannoxar.wbrw@yahoo.com
10190	6	kbzafm.tni@gmail.com
10192	9	hsxdw.jkfkkjo@yahoo.com
10194	10	qdg.dpgyrfy@yahoo.com
10196	6	cxbbmum.xdnpyj@gmail.com
10198	\N	cykzabcc.dgevp@gmail.com
\.

-- fill table assitrainer (100)
\echo # filling table assitrainer (100)
COPY assitrainer (persnr,bezeichnung) FROM STDIN (ENCODING 'utf-8');
38132	bezeichnungMannschaft22608
55043	bezeichnungMannschaft43734
42797	bezeichnungMannschaft40241
103919	bezeichnungMannschaft3900
65651	bezeichnungMannschaft97553
65012	bezeichnungMannschaft77503
89782	bezeichnungMannschaft92035
97543	bezeichnungMannschaft87117
105929	bezeichnungMannschaft97767
73704	bezeichnungMannschaft99411
12482	bezeichnungMannschaft57606
26802	bezeichnungMannschaft8416
59962	bezeichnungMannschaft82393
105677	bezeichnungMannschaft81442
107290	bezeichnungMannschaft96696
71733	bezeichnungMannschaft97310
53682	bezeichnungMannschaft74456
106628	bezeichnungMannschaft90281
40292	bezeichnungMannschaft53693
52688	bezeichnungMannschaft83990
87586	bezeichnungMannschaft82406
11740	bezeichnungMannschaft85306
99725	bezeichnungMannschaft12220
103086	bezeichnungMannschaft4490
38696	bezeichnungMannschaft2883
43475	bezeichnungMannschaft5536
97717	bezeichnungMannschaft85199
78190	bezeichnungMannschaft3236
60236	bezeichnungMannschaft43661
54203	bezeichnungMannschaft7622
11121	bezeichnungMannschaft7701
49581	bezeichnungMannschaft59869
27762	bezeichnungMannschaft66507
11908	bezeichnungMannschaft69265
94006	bezeichnungMannschaft39669
47087	bezeichnungMannschaft29378
33543	bezeichnungMannschaft17766
13698	bezeichnungMannschaft61187
71621	bezeichnungMannschaft91825
86625	bezeichnungMannschaft95732
66828	bezeichnungMannschaft30169
10516	bezeichnungMannschaft67764
84007	bezeichnungMannschaft26682
59402	bezeichnungMannschaft21885
76351	bezeichnungMannschaft90933
18215	bezeichnungMannschaft50524
28421	bezeichnungMannschaft84533
63297	bezeichnungMannschaft64917
106063	bezeichnungMannschaft55338
21055	bezeichnungMannschaft57331
98085	bezeichnungMannschaft2082
69225	bezeichnungMannschaft74531
56690	bezeichnungMannschaft61706
23925	bezeichnungMannschaft35000
61853	bezeichnungMannschaft29776
108535	bezeichnungMannschaft50655
67490	bezeichnungMannschaft52445
78971	bezeichnungMannschaft44387
53194	bezeichnungMannschaft13386
89115	bezeichnungMannschaft22431
50793	bezeichnungMannschaft97896
56643	bezeichnungMannschaft75851
36764	bezeichnungMannschaft84097
63257	bezeichnungMannschaft75890
31129	bezeichnungMannschaft47298
33780	bezeichnungMannschaft5412
23060	bezeichnungMannschaft67306
65473	bezeichnungMannschaft98328
76810	bezeichnungMannschaft43426
100354	bezeichnungMannschaft95414
87822	bezeichnungMannschaft39291
52205	bezeichnungMannschaft67955
35227	bezeichnungMannschaft70527
72410	bezeichnungMannschaft68505
74151	bezeichnungMannschaft3553
102915	bezeichnungMannschaft13180
45480	bezeichnungMannschaft98640
28126	bezeichnungMannschaft57708
24289	bezeichnungMannschaft27717
84602	bezeichnungMannschaft64947
45004	bezeichnungMannschaft69605
36434	bezeichnungMannschaft79212
39842	bezeichnungMannschaft11831
107724	bezeichnungMannschaft87260
17370	bezeichnungMannschaft58545
108795	bezeichnungMannschaft4997
87154	bezeichnungMannschaft63587
11188	bezeichnungMannschaft24146
32069	bezeichnungMannschaft32686
52681	bezeichnungMannschaft45647
63238	bezeichnungMannschaft73630
33251	bezeichnungMannschaft4530
82617	bezeichnungMannschaft72257
68718	bezeichnungMannschaft12653
51347	bezeichnungMannschaft3765
27995	bezeichnungMannschaft77034
52332	bezeichnungMannschaft43591
43715	bezeichnungMannschaft43910
13223	bezeichnungMannschaft33853
64887	bezeichnungMannschaft34005
\.

-- fill table mitglied (100)
\echo # filling table mitglied (100)
COPY mitglied (persnr,beitrag) FROM STDIN (ENCODING 'utf-8');
10000	71
10002	98
10004	48
10006	76
10008	51
10010	40
10012	42
10014	6
10016	34
10018	33
10020	48
10022	21
10024	50
10026	67
10028	87
10030	10
10032	98
10034	98
10036	66
10038	12
10040	30
10042	78
10044	89
10046	93
10048	22
10050	69
10052	24
10054	26
10056	3
10058	92
10060	95
10062	53
10064	98
10066	34
10068	48
10070	73
10072	89
10074	51
10076	14
10078	55
10080	88
10082	10
10084	25
10086	64
10088	58
10090	49
10092	93
10094	99
10096	48
10098	72
10100	35
10102	67
10104	94
10106	11
10108	96
10110	11
10112	10
10114	88
10116	10
10118	48
10120	41
10122	96
10124	43
10126	37
10128	13
10130	27
10132	10
10134	30
10136	100
10138	5
10140	33
10142	72
10144	80
10146	10
10148	1
10150	20
10152	54
10154	89
10156	88
10158	31
10160	21
10162	2
10164	52
10166	90
10168	76
10170	79
10172	5
10174	18
10176	57
10178	79
10180	15
10182	49
10184	87
10186	23
10188	83
10190	79
10192	97
10194	89
10196	70
10198	53
\.

-- fill table obmann (100)
\echo # filling table obmann (100)
COPY obmann (persnr) FROM STDIN (ENCODING 'utf-8');
10000
10002
10004
10006
10008
10010
10012
10014
10016
10018
10020
10022
10024
10026
10028
10030
10032
10034
10036
10038
10040
10042
10044
10046
10048
10050
10052
10054
10056
10058
10060
10062
10064
10066
10068
10070
10072
10074
10076
10078
10080
10082
10084
10086
10088
10090
10092
10094
10096
10098
10100
10102
10104
10106
10108
10110
10112
10114
10116
10118
10120
10122
10124
10126
10128
10130
10132
10134
10136
10138
10140
10142
10144
10146
10148
10150
10152
10154
10156
10158
10160
10162
10164
10166
10168
10170
10172
10174
10176
10178
10180
10182
10184
10186
10188
10190
10192
10194
10196
10198
\.

-- fill table fanclub (100)
\echo # filling table fanclub (100)
COPY fanclub (sid,name,gegruendet) FROM STDIN (ENCODING 'utf-8');
88	Mannschaft56050	2016-02-20
33	Mannschaft3191	2016-04-07
88	Mannschaft23867	2016-02-26
80	Mannschaft81635	2016-03-09
89	Mannschaft74392	2016-03-30
25	Mannschaft41300	2016-03-19
16	Mannschaft84947	2016-02-01
18	Mannschaft73943	2016-02-03
60	Mannschaft87754	2016-03-08
41	Mannschaft90847	2016-02-05
48	Mannschaft29879	2016-02-21
17	Mannschaft37511	2016-02-19
1	Mannschaft38078	2016-02-25
91	Mannschaft1335	2016-01-12
78	Mannschaft41840	2016-03-20
77	Mannschaft28091	2016-03-10
64	Mannschaft13649	2016-04-02
25	Mannschaft31379	2016-01-10
70	Mannschaft2481	2016-01-12
46	Mannschaft1233	2016-03-17
48	Mannschaft88440	2016-04-16
37	Mannschaft85389	2016-02-26
100	Mannschaft30632	2016-02-19
12	Mannschaft52586	2016-02-29
70	Mannschaft57928	2016-04-11
34	Mannschaft28384	2016-03-30
36	Mannschaft32415	2016-03-14
7	Mannschaft58938	2016-04-03
77	Mannschaft26518	2016-02-16
42	Mannschaft78376	2016-02-17
4	Mannschaft26798	2016-02-09
94	Mannschaft41800	2016-01-19
89	Mannschaft25684	2016-03-10
11	Mannschaft64466	2016-04-07
73	Mannschaft6897	2016-02-28
74	Mannschaft86251	2016-03-09
3	Mannschaft43030	2016-01-15
52	Mannschaft33015	2016-04-01
99	Mannschaft50336	2016-01-13
1	Mannschaft13358	2016-01-18
86	Mannschaft56137	2016-01-23
34	Mannschaft98055	2016-01-21
48	Mannschaft82336	2016-03-31
92	Mannschaft63147	2016-02-02
67	Mannschaft16623	2016-04-03
81	Mannschaft83798	2016-02-17
47	Mannschaft27194	2016-01-11
52	Mannschaft68169	2016-03-22
6	Mannschaft1044	2016-03-10
33	Mannschaft39187	2016-02-28
46	Mannschaft28853	2016-03-31
73	Mannschaft65538	2016-04-03
38	Mannschaft59133	2016-02-09
49	Mannschaft10924	2016-03-03
71	Mannschaft82196	2016-03-05
25	Mannschaft53456	2016-04-09
56	Mannschaft9972	2016-03-29
51	Mannschaft12251	2016-04-15
47	Mannschaft43358	2016-04-09
35	Mannschaft80186	2016-02-05
33	Mannschaft51028	2016-01-27
20	Mannschaft42296	2016-02-05
18	Mannschaft60540	2016-04-10
93	Mannschaft24260	2016-02-27
1	Mannschaft27381	2016-03-25
95	Mannschaft83867	2016-03-13
83	Mannschaft70191	2016-02-22
27	Mannschaft72321	2016-02-08
98	Mannschaft9435	2016-02-27
68	Mannschaft7948	2016-01-17
30	Mannschaft10367	2016-02-28
88	Mannschaft95698	2016-02-08
75	Mannschaft83691	2016-02-23
65	Mannschaft66123	2016-03-01
43	Mannschaft28058	2016-01-14
27	Mannschaft83136	2016-03-21
35	Mannschaft62128	2016-02-05
46	Mannschaft71708	2016-01-18
25	Mannschaft11945	2016-04-13
44	Mannschaft52798	2016-03-23
46	Mannschaft17933	2016-03-28
4	Mannschaft59298	2016-03-05
29	Mannschaft1790	2016-02-08
92	Mannschaft83585	2016-04-16
16	Mannschaft83946	2016-02-12
61	Mannschaft27631	2016-02-28
28	Mannschaft86092	2016-01-28
16	Mannschaft20365	2016-03-08
37	Mannschaft62963	2016-03-12
35	Mannschaft85494	2016-03-16
100	Mannschaft40240	2016-03-30
30	Mannschaft92854	2016-03-24
6	Mannschaft52629	\N
18	Mannschaft86393	2016-02-22
55	Mannschaft22310	2016-01-18
10	Mannschaft90459	2016-02-22
52	Mannschaft75405	2016-03-26
58	Mannschaft1487	2016-02-26
77	Mannschaft71654	2016-01-26
15	Mannschaft6476	2016-03-19
\.

-- restart sequences
ALTER SEQUENCE person_persnr_seq RESTART WITH 109999;
ALTER SEQUENCE angestellter_persnr_seq RESTART WITH 109999;
ALTER SEQUENCE assitrainer_persnr_seq RESTART WITH 109999;
ALTER SEQUENCE mitglied_persnr_seq RESTART WITH 109999;
ALTER SEQUENCE obmann_persnr_seq RESTART WITH 109999;

-- analyze modified tables
ANALYZE mannschaft;
ANALYZE person;
ANALYZE trainer;
ANALYZE standort;
ANALYZE angestellter;
ANALYZE assitrainer;
ANALYZE mitglied;
ANALYZE obmann;
ANALYZE fanclub;
