
-- data generated by datafiller.py version 2.0.0 (r792 on 2014-03-23) for postgresql

-- fill table person (100)
\echo # filling table person (100)
COPY person (persnr,vname,nname,geschlecht,gebdate) FROM STDIN (ENCODING 'utf-8');
10000	Terrence	Sils	W	2016-03-07
10002	Kippie	Todloski	W	2016-04-06
10004	Fiona	Briner	W	2016-03-12
10006	Caine	DeRaaf	W	2016-03-01
10008	Eyk	Preece	W	2016-02-09
10010	Tidwell	Magri	M	2016-03-11
10012	Mamoru	Bonney	W	2016-03-22
10014	Mila	Duffney	M	2016-04-14
10016	Ivette	Vandenheede	W	2016-03-23
10018	Leah	Keene-Moore	M	2016-01-11
10020	Deloria	Killeen	M	2016-01-28
10022	Ferdinande	Firment	W	2016-04-15
10024	Mella	Visvanatha	M	2016-01-27
10026	Saidee	Sales	M	2016-03-14
10028	Nandita	Layton	M	2016-04-13
10030	\N	Matalon	W	2016-03-05
10032	Arlen	Bitton	W	2016-02-04
10034	Amil	Forrester	M	2016-03-03
10036	Valeria	Trudel	M	2016-02-20
10038	Bnrtor	Rickard	M	2016-03-13
10040	Skiclub	Cheshire	W	2016-01-20
10042	Shirley	Mcbride	M	2016-04-14
10044	Billye	Tassi	W	2016-02-11
10046	Ruth	Dorrell	M	2016-04-06
10048	Liv	Caines	W	2016-02-01
10050	Manuela	Longtin	M	2016-04-06
10052	Chung-Wo	Stansfield	M	2016-03-20
10054	Mukund	Larock	W	2016-02-01
10056	Ulrica	Tomes	W	2016-03-05
10058	Biplab	Sinclair	M	2016-01-10
10060	Neysa	Dorval	W	2016-02-11
10062	Brenton	Vandewouw	W	2016-03-01
10064	Fiona	Fater	M	2016-04-11
10066	Hillary	Rowland	M	2016-02-05
10068	Angil	Oetting	W	2016-03-08
10070	Bucklin	Gibb	W	2016-03-04
10072	Sher	Ozer	M	2016-04-02
10074	Johanne	Syposz	M	2016-02-01
10076	Kelsi	Ganness	M	2016-02-16
10078	Svend	Bernstein	W	2016-03-23
10080	Vivie	Plambeck	M	2016-03-05
10082	Maurene	Boulais	W	2016-03-01
10084	Naim	Teh	W	2016-01-22
10086	Gipsy	Parniani	W	2016-02-26
10088	Freddi	Canavan	M	2016-03-17
10090	Janis	Haubert	W	2016-01-16
10092	Dhiraj	Dragnea	W	2016-03-24
10094	Elinore	Schrader	M	2016-03-13
10096	Baldev	Agostino	M	2016-04-16
10098	Zara	Lafata	W	2016-03-23
10100	Aaren	Tiller	W	2016-02-01
10102	Dierdre	Instal	M	2016-04-06
10104	Abra	\N	W	\N
10106	Corny	Hesse	M	2016-03-28
10108	Annet	Baldock	W	2016-01-17
10110	Kathye	Puchala	W	2016-04-15
10112	Andromache	Haines	W	2016-02-10
10114	Tadeusz	Dinsmore	M	2016-02-23
10116	Debora	Roscoe	M	2016-04-07
10118	Kacey	Reichow	W	2016-03-12
10120	Selie	Reda	W	2016-04-01
10122	Mela	Ryder	M	2016-01-10
10124	Bryon	Simonsen	M	2016-01-09
10126	Evaleen	Temple-Downing	M	2016-02-20
10128	Lenna	Norndon	M	2016-02-28
10130	Lora	Bhullar	M	2016-01-16
10132	Ranea	Gundlach	M	2016-04-05
10134	Della	\N	M	2016-03-14
10136	Dori	Christensen	W	2016-02-13
10138	Gwenni	Henein	M	2016-03-07
10140	Amye	Horton	M	2016-02-07
10142	Amrik	Devore	W	2016-03-21
10144	Gwenda	Filpus	M	2016-01-15
10146	Stafani	Fleming	W	2016-03-06
10148	Louisa	Staples	W	2016-01-20
10150	Adara	Muzio	W	2016-02-07
10152	Ifti	Mccarthy	M	2016-01-19
10154	Angeliek	Ashdown	W	2016-01-23
10156	Girish	Cigay	M	2016-02-24
10158	Laslo	Vahdat	W	2016-03-04
10160	Luciano	Niepmann	M	2016-02-10
10162	Margaretta	Frampton	M	2016-01-23
10164	Sibylla	Neilsen	M	2016-03-10
10166	Adrianna	Pelot	M	2016-03-19
10168	Amy	Szuminski	M	2016-03-07
10170	Elenore	Surray	M	2016-03-26
10172	Karla	Inrig	W	2016-04-02
10174	Pennie	Guilbault	M	2016-02-10
10176	Rheal	Hinkel	W	2016-01-15
10178	Elmar	Ewart	W	2016-01-10
10180	Arliene	Buczek	M	2016-03-17
10182	Ramniklal	Stallcup	M	2016-04-16
10184	Sandhya	Semler	M	2016-04-08
10186	Anstice	Hartin	W	2016-04-10
10188	Rianon	Nakonecznyj	W	2016-01-11
10190	Pac	Lockwood	M	2016-02-25
10192	Christie-Anne	Adamson	M	2016-02-21
10194	Ammamaria	Sloane	M	2016-03-02
10196	Deni	Ameen	M	2016-03-14
10198	Doro	Coordinator	W	2016-04-11
\.

-- fill table spieler (100)
\echo # filling table spieler (100)
COPY spieler (persnr,nummer,bezeichnung,position,von,bis,gehalt) FROM STDIN (ENCODING 'utf-8');
10000	1	Clive	Stender	2003-12-07	2000-06-22	10084
10002	2	L;urette	Brower	1988-11-11	2015-02-20	10034
10004	3	Dolly	Bannai	1983-06-19	2003-04-11	10020
10006	4	Tino	Preece	1977-04-09	2003-02-18	10069
10008	5	Ramana	Tarle	1995-06-06	2002-01-21	10045
10010	6	Tidwell	Coxall	2004-02-28	2001-04-11	10076
10012	7	Tetsuyuki	Guarino	2011-10-25	2007-10-11	10003
10014	8	Alli	Vallet	2007-01-13	2007-11-10	10055
10016	9	Grazia	Breault	2000-09-19	2008-09-03	10016
10018	10	Kimiko	Gehr	1993-12-04	2012-02-08	10013
10020	11	VuQuoc	Minter	2004-11-21	2012-05-15	10072
10022	12	Mac	Al-Basi	1979-06-24	2004-06-10	10073
10024	13	Gaye	Royle	2010-09-10	2013-04-19	10039
10026	14	Cher	Quintero	1981-08-13	2010-02-24	10022
10028	15	Ilse	Cocke	1978-07-21	2008-01-12	10067
10030	16	Wan	Zee	1997-04-08	2014-08-17	10092
10032	17	He	Bloedon	2002-04-04	2014-07-13	10095
10034	18	Umeko	DeFacendis	2013-04-03	2011-06-08	10019
10036	19	Noyes	Neifert	1978-01-03	2000-09-29	10023
10038	20	Demi	St.Denis	1978-12-12	2014-06-26	10044
10040	21	Regina	Bergstrom	1978-10-09	2012-08-03	10071
10042	22	Consolata	Tully	2012-09-10	2005-04-13	10032
10044	23	Pearle	\N	1998-01-06	2014-05-25	10072
10046	24	Elbertina	Camirand	2010-05-26	2014-05-03	10027
10048	25	Stewart	Sawczyn	2014-04-15	2006-07-26	10018
10050	26	Allyson	Souther	2014-08-26	2001-05-25	10085
10052	27	Marianna	Rheaume	2014-11-04	2007-01-27	10039
10054	28	Mirabelle	Kasumovich	1995-01-19	2010-10-14	10007
10056	29	Gert	Valliere	2004-12-05	2002-08-21	10095
10058	30	Annmaria	Bovat	1978-11-04	2006-06-20	10042
10060	31	Dawna	Lannan	2001-01-13	2011-07-03	10070
10062	32	Mame	Trevethan	1998-11-11	2002-06-17	10028
10064	33	Anabelle	Speight	1979-06-22	2013-02-10	10025
10066	34	Chabane	Dowell	2004-09-19	2000-09-27	10037
10068	35	Kim-Tram	Hayden	2009-07-13	2008-06-04	10060
10070	36	Amjad	OFCPARM	2009-05-11	2009-07-08	10072
10072	37	Olivie	MacGregor	1988-05-26	2013-04-15	10016
10074	38	Donnette	Murock	2014-07-10	2005-10-18	10097
10076	39	Cleve	\N	1977-07-07	2007-04-23	10042
10078	40	Wai-Leung	Ayyuce	2010-01-18	2005-11-15	10021
10080	41	Naji	Pokrifcak	1995-05-26	2010-08-30	10088
10082	42	Glyn	Corbett	\N	2010-05-13	10082
10084	43	Rozalie	Blesi	2014-02-07	2000-09-14	10028
10086	44	Brian	Cardella	1986-03-01	2002-01-14	10044
10088	45	Kapsch	Beavington	2000-01-17	2012-07-19	\N
10090	46	Cherida	Julian	1987-07-08	2003-02-01	10008
10092	47	Merci	Curley	1985-09-23	2007-05-19	10071
10094	48	Rheta	Tsang	2008-08-24	2014-07-23	10039
10096	49	Vax	Quayle	2003-08-28	2004-01-13	10084
10098	50	Brinn	Gonzales	2007-09-29	2003-11-12	10098
10100	51	Kaushik	Ross	1987-07-10	2010-04-30	10009
10102	52	Shep	Aryavong	1990-05-12	2013-09-13	10089
10104	53	Isahella	Endenburg	1987-10-20	2003-04-28	10060
10106	54	Roni-Jean	O_Kelly	1994-07-26	2004-07-20	10050
10108	55	Aline	Sura	2010-04-08	2008-08-11	10050
10110	56	Jerry	Verdonselli	1988-04-28	2006-10-30	10076
10112	57	Georgena	Musser	2012-04-30	2001-10-29	10039
10114	58	Wakako	Bissegger	2012-12-29	2011-12-07	10099
10116	59	Marlyn	Grewal	1992-10-14	2013-03-30	10012
10118	60	Jean-Guy	Jenkins	2013-12-27	2007-11-23	10002
10120	61	Jagjeet	Bahgat	2009-07-04	2010-11-18	10070
10122	62	Martine	Ashraf	1981-07-16	2007-12-18	10098
10124	63	Chun	Bradley	2001-07-01	2008-06-03	10028
10126	64	Gavrielle	McAteer	1997-09-18	2006-04-08	10054
10128	65	Lauree	Pietropaolo	2011-01-31	2010-01-28	10055
10130	66	Meena	Behrens	2006-01-24	2004-08-21	10010
10132	67	Kyoko	Hosseini	2006-03-24	2003-10-17	10035
10134	68	Crissy	Elting	1982-11-19	2008-09-06	10083
10136	69	Sher	Tseng	1986-06-17	2002-03-25	10031
10138	70	Fikre	McAleer	1983-09-13	2002-01-03	10059
10140	71	Millard	Ricketson	2001-11-19	2002-08-27	10027
10142	72	Yuji	Falletti	2001-07-31	2000-12-05	10083
10144	73	Mfgeng	Alikhan	1989-02-24	2009-03-08	10008
10146	74	Layla	Parn	2010-03-14	2009-10-05	10023
10148	75	General	Hupe	1983-01-15	2011-01-05	10086
10150	76	Mihai	Halbedel	1997-10-07	2002-06-30	10012
10152	77	Dody	Garcia	2007-11-15	2012-04-10	10089
10154	78	Rikki	Milar	2008-06-25	2000-05-22	10082
10156	79	Birendra	Plater-Zyberk	1995-04-05	2012-04-10	10048
10158	80	Malissa	Trevethan	2003-12-26	2013-01-28	10006
10160	81	Claudette	Haveman	2011-12-03	2007-11-01	10068
10162	82	Terez	Silverstone	\N	2001-11-30	10060
10164	83	Robbyn	Barabash	2006-04-05	2002-06-15	10080
10166	84	Guylain	Fougere	1992-03-14	2013-05-21	10031
10168	85	Kenna	Petras	2004-02-07	2013-09-02	10085
10170	86	Hulst	Crabb	1988-06-17	2001-09-02	10074
10172	87	Angela	Crawhall	1998-07-02	2010-10-03	10045
10174	88	Linh	Bilanski	2007-12-28	2009-05-28	10012
10176	89	Jodi	Albea	1997-12-19	2014-09-17	10059
10178	90	Jean-Michel	Weathersbee	1985-08-23	2004-07-14	10082
10180	91	Elissa	Sengoba	1977-08-10	2013-05-29	10011
10182	92	Harriott	Darshi	1978-09-12	2001-09-02	10009
10184	93	Easter	Hotson	1998-12-24	2006-08-22	10072
10186	94	Masha	Imming	1990-07-01	2000-03-02	10044
10188	95	Eloisa	Grabowski	2000-08-13	2004-11-23	10078
10190	96	Jandy	Odecki	1996-09-12	2005-02-10	10065
10192	97	Arabelle	Pietrzak	2014-02-10	2003-12-17	10048
10194	98	Sharleen	Florjancic	1979-03-24	2000-03-26	10002
10196	99	Lauraine	Colgan	1978-01-01	2012-07-24	10010
10198	100	Bnrtor	Chubb	2011-10-12	2006-01-31	10008
\.

-- fill table mannschaft (100)
\echo # filling table mannschaft (100)
COPY mannschaft (bezeichnung,klasse,naechstes_spiel) FROM STDIN (ENCODING 'utf-8');
Mannschaft1	Fluet	2016-02-14
Mannschaft2	SpringThorpe	2016-04-13
Mannschaft3	Miles	2016-03-08
Mannschaft4	Aurelius	2016-01-08
Mannschaft5	Elkins	2016-01-08
Mannschaft6	Squizzato	2016-02-17
Mannschaft7	Ben-Ishai	2016-01-08
Mannschaft8	Hyatt	2016-03-29
Mannschaft9	Jacobsen	2016-03-14
Mannschaft10	Crosson	2016-03-18
Mannschaft11	Neifert	2016-04-04
Mannschaft12	Bartra	2016-01-13
Mannschaft13	Gumbley	2016-02-23
Mannschaft14	Robart	2016-03-28
Mannschaft15	Threader	2016-01-08
Mannschaft16	Armbruster	2016-02-19
Mannschaft17	Puent	2016-04-05
Mannschaft18	Iversen	2016-02-05
Mannschaft19	Laporte	2016-04-16
Mannschaft20	Pineau	2016-03-23
Mannschaft21	Oden	2016-04-05
Mannschaft22	Clinckett	2016-03-22
Mannschaft23	Karsz	2016-03-26
Mannschaft24	Palik	2016-03-02
Mannschaft25	Naylor	2016-03-27
Mannschaft26	Sealy	2016-02-04
Mannschaft27	Lazarou	2016-03-16
Mannschaft28	Yuste	2016-02-28
Mannschaft29	Hornburg	2016-01-11
Mannschaft30	Edmison	2016-02-21
Mannschaft31	Hrenyk	2016-04-12
Mannschaft32	Ochman	2016-03-22
Mannschaft33	Scanlon	2016-03-27
Mannschaft34	Boden	2016-01-09
Mannschaft35	Racette	2016-04-07
Mannschaft36	Lannan	2016-02-25
Mannschaft37	McCurdy	2016-01-21
Mannschaft38	Pratt	2016-04-13
Mannschaft39	Dillingham	2016-03-24
Mannschaft40	Craggs	2016-04-13
Mannschaft41	Chandran	2016-03-26
Mannschaft42	Gaudon	2016-01-29
Mannschaft43	Abbott	2016-03-12
Mannschaft44	Thorman	2016-03-29
Mannschaft45	Kwok	2016-02-26
Mannschaft46	Tello	2016-01-31
Mannschaft47	Wilton	2016-02-17
Mannschaft48	Saini	2016-04-16
Mannschaft49	Oey	2016-01-15
Mannschaft50	Wilkes	2016-01-09
Mannschaft51	Clements	2016-01-20
Mannschaft52	Tsunoda	2016-03-26
Mannschaft53	O Farrell	2016-03-07
Mannschaft54	McNab	2016-01-21
Mannschaft55	Ferguson	2016-04-14
Mannschaft56	Spriggs	2016-01-18
Mannschaft57	Gentes	2016-02-20
Mannschaft58	Curmon	2016-03-23
Mannschaft59	Rios	2016-01-24
Mannschaft60	Hermann-Kendall	2016-04-03
Mannschaft61	Raila	2016-03-22
Mannschaft62	Krausbar	2016-02-19
Mannschaft63	Schiltz	2016-02-28
Mannschaft64	Ridgway	2016-02-09
Mannschaft65	Logan	2016-03-18
Mannschaft66	McCaffity	2016-04-11
Mannschaft67	Valente	2016-03-21
Mannschaft68	Rao	2016-03-26
Mannschaft69	Smeenk	2016-04-06
Mannschaft70	Droste	2016-03-04
Mannschaft71	Beehler	2016-03-30
Mannschaft72	Twiss	2016-03-20
Mannschaft73	Baines	2016-04-04
Mannschaft74	Jenness	2016-01-21
Mannschaft75	Toomer	2016-03-06
Mannschaft76	Kehoe	2016-03-19
Mannschaft77	Piltz	2016-04-16
Mannschaft78	Finane	2016-04-14
Mannschaft79	Klaudinyi	2016-01-28
Mannschaft80	Shastry	2016-03-11
Mannschaft81	Taggart	2016-01-26
Mannschaft82	Wolfs	2016-02-27
Mannschaft83	Huynh	2016-02-22
Mannschaft84	Logntp	2016-02-07
Mannschaft85	Proudfoot	2016-03-01
Mannschaft86	Masciarelli	2016-02-25
Mannschaft87	Knappe	2016-02-02
Mannschaft88	Remrey	2016-04-11
Mannschaft89	Van Kast	2016-01-24
Mannschaft90	Gerber	2016-03-26
Mannschaft91	Schafer	2016-02-10
Mannschaft92	Herlihy	2016-01-29
Mannschaft93	Hoppenworth	2016-03-21
Mannschaft94	Lerch	2016-02-02
Mannschaft95	Hagewood	2016-01-27
Mannschaft96	Schaffel	2016-04-15
Mannschaft97	Wippel	2016-01-26
Mannschaft98	Goss	2016-02-12
Mannschaft99	Kokoska	2016-02-02
Mannschaft100	Pokrywa	2016-03-13
\.

-- fill table trainer (100)
\echo # filling table trainer (100)
COPY trainer (persnr,gehalt,von,bis) FROM STDIN (ENCODING 'utf-8');
10000	10014	2002-12-03	2015-12-24
10002	10052	2002-08-26	2015-12-14
10004	10099	2002-01-11	2015-11-27
10006	10014	2001-04-18	2015-11-27
10008	10020	2004-01-04	2015-12-05
10010	10014	2004-12-13	2015-11-25
10012	10050	2002-08-02	2015-09-27
10014	10034	2003-05-23	2015-12-24
10016	10085	2001-08-03	2015-10-30
10018	10008	2002-03-03	2015-11-09
10020	10054	2001-06-19	2015-12-23
10022	10059	2004-04-02	2015-12-26
10024	10050	2002-10-02	2015-12-18
10026	10022	2002-03-13	2015-12-01
10028	10088	2001-10-10	2015-12-16
10030	10088	2000-11-22	2015-11-21
10032	10015	2000-08-02	2015-11-30
10034	10068	2002-05-10	2015-10-30
10036	10020	2001-03-07	2015-11-29
10038	10001	2003-10-12	2015-11-20
10040	10058	2000-06-19	2015-10-24
10042	10032	2002-12-10	2015-11-24
10044	10088	2004-07-16	2015-10-28
10046	10033	2000-09-08	2015-12-11
10048	10048	2003-10-14	2015-11-06
10050	10095	2000-03-17	2015-12-12
10052	10048	2003-11-08	2015-12-21
10054	10074	2001-09-13	2015-10-25
10056	10056	2003-11-04	2015-09-27
10058	10024	2004-11-23	2015-10-02
10060	10084	2000-03-27	2015-11-24
10062	10089	2004-01-29	2015-10-13
10064	10059	2000-11-27	2015-10-12
10066	10006	2001-02-12	2015-11-24
10068	10056	2001-10-17	2015-10-29
10070	10031	2003-11-09	2015-10-18
10072	10016	2004-02-29	2015-12-24
10074	10036	2004-03-10	2015-11-24
10076	10009	2001-04-08	2015-10-19
10078	10024	2003-09-22	2015-10-25
10080	10003	2001-07-28	2015-12-11
10082	10003	2000-11-22	2015-12-02
10084	10060	2000-10-13	2015-10-15
10086	10027	2003-02-08	2015-12-27
10088	10013	\N	2015-11-25
10090	10012	2002-07-25	2015-12-27
10092	10091	2003-02-07	2015-10-01
10094	10017	2000-07-17	2015-10-17
10096	10065	2002-09-07	2015-11-10
10098	10042	2004-08-29	2015-10-13
10100	10086	2001-01-19	2015-12-03
10102	\N	2000-07-31	2015-12-30
10104	10067	2002-07-27	2015-10-17
10106	10025	2003-07-30	2015-09-27
10108	10005	2002-03-31	2015-09-26
10110	10054	2003-01-21	2015-12-28
10112	10010	2001-09-12	2015-11-06
10114	10033	2004-11-19	2015-12-09
10116	10050	2004-07-22	2015-12-23
10118	10027	2003-05-12	2015-11-22
10120	10048	2000-10-31	2015-10-10
10122	10007	2004-03-07	2015-12-28
10124	10009	2001-03-24	2015-11-22
10126	10086	2002-04-07	2015-11-27
10128	10015	2002-08-31	2015-12-18
10130	10011	2004-02-27	2015-11-01
10132	10037	2003-03-25	2015-12-24
10134	10063	2000-06-24	2015-10-28
10136	10022	2004-01-27	2015-11-06
10138	10094	2001-07-10	2015-11-07
10140	10051	2004-09-25	2015-12-03
10142	10065	2004-01-03	2015-10-04
10144	10086	2000-01-25	2015-11-11
10146	10046	2001-12-14	2015-10-18
10148	10078	2004-04-19	2015-10-07
10150	10033	2004-10-22	2015-10-13
10152	10038	2002-11-25	2016-01-01
10154	10016	2003-01-11	2015-11-29
10156	10091	2000-01-21	2015-12-24
10158	10040	2001-07-23	2015-11-24
10160	10028	2003-09-01	2015-10-27
10162	10076	2003-11-16	2015-11-04
10164	10012	2003-03-01	2015-09-29
10166	10025	2000-06-29	2015-10-03
10168	10027	2003-12-04	2015-10-20
10170	10029	2003-09-20	2015-12-18
10172	10061	2004-02-28	2015-10-31
10174	\N	2002-06-09	2015-12-02
10176	10066	2002-01-30	2015-12-08
10178	10039	2000-07-05	2015-11-20
10180	10029	2001-04-13	2015-10-31
10182	10002	2004-10-28	2015-11-02
10184	10052	2001-06-06	2015-11-19
10186	10061	2001-05-15	2015-12-25
10188	10012	2003-05-16	2015-10-29
10190	10014	2004-11-14	2015-11-07
10192	10058	2001-12-05	2015-09-27
10194	10032	\N	2015-10-24
10196	10086	\N	2015-11-18
10198	10010	2004-07-03	2015-12-16
\.

-- restart sequences
ALTER SEQUENCE person_persnr_seq RESTART WITH 109999;
ALTER SEQUENCE spieler_persnr_seq RESTART WITH 109999;

-- analyze modified tables
ANALYZE person;
ANALYZE spieler;
ANALYZE mannschaft;
ANALYZE trainer;
